parcel_id,zoning,lot_sqft
5090819,RAC (f30.0; a1375; d1.5) (x126),186968
5093788,RD (f15.0; a550) (x5),5999
5093881,RT (au220.0),56402
5094031,RT (au220.0),191
5124997,EH 1.0,200518
5094544,RD (f15.0; a550) (x5),5999
5095105,RD (f15.0; a550) (x5),6380
5095808,RM (f18.0; a665; u4),4783
5095826,RD (f15.0; a550) (x5),6028
5095918,RD (f15.0; a550) (x5),6000
5096009,RM (f18.0; a665; u4),3876
5096258,RD (f15.0; a550) (x5),6000
5096616,RD (f15.0; a550) (x5),5999
5096738,RD (f15.0; a550) (x5),6000
5096876,RM (f18.0; a665; u4),4436
5097104,RM (f18.0; a665; u4),3838
5097269,RD (f15.0; a550) (x5),6803
5097340,RD (f15.0; a550) (x5),5999
5097479,RM (f18.0; a665; u4),3955
5097682,RM (f18.0; a665; u4),3762
5098017,RD (f15.0; a550) (x5),6001
5098268,RM (f18.0; a665; u4),4795
5098524,RD (f15.0; a550) (x5),6534
5098936,EH 1.0,62232
5099171,RM (f18.0; a665; u4),3810
5099767,RM (f18.0; a665; u4),3698
5100618,UT,63208
5100960,EH 1.0,34061
5101387,RM (f18.0; a665; u4),3605
5101983,RM (f18.0; a665; u4),4222
5102420,RM (f18.0; a665; u4),7167
5102642,RM (f18.0; a665; u4),3660
5102750,RM (f18.0; a665; u4),3597
5102987,EH 1.0,11155
5103422,RM (f18.0; a665; u4),3899
5103468,EH 1.0,87887
5103476,RM (f18.0; a665; u4),3900
5103773,RM (f18.0; a665; u4),4250
5104015,RM (f18.0; a665; u4),4497
5104043,RM (f18.0; a665; u4),4017
5104312,RM (f18.0; a665; u4),3064
5104435,EH 1.0,15495
5104922,EH 1.0,66535
5104946,RM (f18.0; a665; u4),4500
5105064,RM (f18.0; a665; u4),5994
5104638,RM (f18.0; a665; u4),6766
5105131,RD (f15.0; a550) (x5),6010
5105797,RM (f18.0; a665; u4),3611
5105199,RM (f18.0; a665; u4),3552
5105495,RM (f18.0; a665; u4),4920
5105808,EH 1.0,31058
5106148,RD (f15.0; a550) (x5),7156
5107156,RD (f15.0; a550) (x5),6004
5106608,RM (f18.0; a665; u4),3891
5106632,RM (f18.0; a665; u4),3603
5107096,EH 1.0,26254
5107591,RM (f18.0; a665; u4),3845
5108082,RD (f15.0; a550) (x5),6549
5108142,EH 1.0,36462
5108323,EH 1.0,65495
5108488,EH 1.0,105111
5108763,RD (f15.0; a550) (x5),6163
5108905,RM (f18.0; a665; u4),3672
5108956,RD (f15.0; a550) (x5),6090
5109780,RD (f15.0; a550) (x5),6083
5109199,RD (f15.0; a550) (x5),6003
5109245,RD (f15.0; a550) (x5),6158
5109295,RM (f18.0; a665; u4),3642
5109463,RD (f15.0; a550) (x5),6144
5109505,RM (f18.0; a665; u4),4032
5110491,RD (f15.0; a550) (x5),5998
5110717,EH 1.0,137582
5111201,RD (f15.0; a550) (x5),5929
5111904,RM (f18.0; a665; u4),5465
5112123,RM (f18.0; a665; u4),4495
5112466,RM (f18.0; a665; u4),681
5112738,RD (f15.0; a550) (x5),6177
5112765,RD (f15.0; a550) (x5),7340
5113413,RD (f15.0; a550) (x5),6114
5113466,RM (f18.0; a665; u4),3599
5113547,RM (f18.0; a665; u4),4108
5113661,RM (f18.0; a665; u4),3359
5115146,RM (f18.0; a665; u4),4501
5114665,RM (f18.0; a665; u4),6930
5114770,RM (f18.0; a665; u4),3605
5114979,RM (f18.0; a665; u4),3834
5115094,RS (f12.0; a285) (x13),2187
5115313,RM (f18.0; a665; u4),5172
5116132,RM (f18.0; a665; u4),3512
5115404,RM (f18.0; a665; u4),3604
5115540,RD (f15.0; a550) (x5),6412
5115968,RM (f18.0; a665; u4),4027
5116243,RD (f15.0; a550) (x5),6583
5116480,RD (f15.0; a550) (x5),6000
5116503,RS (f12.0; a285) (x13),2127
5116591,RM (f18.0; a665; u4),3600
5116723,RM (f18.0; a665; u4),3546
5116968,E 1.0,47059
5117186,RM (f18.0; a665; u4),3596
5117417,RS (f12.0; a285) (x13),2601
5117541,RM (f18.0; a665; u4),4559
5117655,RS (f12.0; a285) (x13),886
5117763,RM (f18.0; a665; u4),3600
5118002,RM (f18.0; a665; u4),3732
5118294,OR,601
5118370,RM (f18.0; a665; u4),3831
5118540,RM (f18.0; a665; u4),4497
5118576,RM (f18.0; a665; u4),3600
5118703,RM (f18.0; a665; u4),4567
5119191,RD (f15.0; a550) (x5),6449
5119239,RM (f18.0; a665; u4),4566
5119290,RM (f18.0; a665; u4),3808
5119833,RD (f15.0; a550) (x5),5983
5120111,RM (f18.0; a665; u4),3597
5120212,RM (f18.0; a665; u4),4719
5120638,RD (f15.0; a550) (x5),5944
5120661,RD (f15.0; a550) (x5),6027
5120797,RD (f15.0; a550) (x5),9127
5121147,RM (f18.0; a665; u4),5386
5121256,RD (f15.0; a550) (x5),6166
5121421,RD (f15.0; a550) (x5),7550
5121621,RD (f15.0; a550) (x5),5996
5121728,EH 1.0,68171
5122627,RM (f18.0; a665; u4),3627
5122686,RD (f15.0; a550) (x5),6364
5122084,RD (f15.0; a550) (x5),5997
5122129,RM (f18.0; a665; u4),3530
5122394,RD (f15.0; a550) (x5),7501
5122421,EH 1.0,52980
5122778,EH 1.0,37918
5122917,EH 1.0,81
5122918,RM (f18.0; a665; u4),5217
5122946,EH 1.0,32603
5122990,RM (f18.0; a665; u4),4505
5123045,RM (f18.0; a665; u4),4943
5123211,RD (f15.0; a550) (x5),9556
5123250,RD (f15.0; a550) (x5),6008
5123474,RM (f18.0; a665; u4),3639
5123498,E 1.0,69722
5123645,RM (f18.0; a665; u4),4601
5123657,EH 1.0,167659
5123873,RM (f18.0; a665; u4),4044
5124021,CR 1.0 (c1.0; r1.0) SS3  (x231),3655
5124058,CR 1.0 (c1.0; r1.0) SS3  (x231),2379
5124409,RM (f18.0; a665; u4),4654
5124582,RAC (au67.0) (x95),620
5124709,CR 1.0 (c1.0; r1.0) SS3  (x231),3497
5139521,RD (f9.0; d0.6) (x10),3482
5125638,RAC (au67.0) (x95),261878
5125812,CR 1.0 (c1.0; r1.0) SS3  (x231),6614
5125990,RD (f6.0; d0.45) (x13),3151
5126001,RD (f6.0; d0.45) (x13),3739
5126041,RD (f6.0; d0.45) (x13),1101
5126261,RD (f6.0; d0.45) (x13),3150
5126707,EH 1.0,199614
5126804,RD (f6.0; d0.45) (x13),4788
5126831,RM (f18.0; a665; u4),3603
5126938,RD (f12.0; d0.45) (x12),7567
5127035,RM (f18.0; a665; u4),3604
5127014,RM (f18.0; a665; u4),94564
5127154,RD (f6.0; d0.45) (x13),2456
5127623,RM (au220.0) (x92),60819
5128024,RM (f18.0; a665; u4),3600
5128041,RM (f18.0; a665; u4),3603
5128055,RD (f6.0; d0.45) (x13),3008
5128166,RD (f6.0; d0.45) (x13),4247
5128189,EH 1.0,130849
5128267,RD (f6.0; d0.45) (x13),2902
5128287,RD (f15.0; a550) (x5),6908
5128413,RD (f6.0; d0.45) (x13),5692
5128422,OR,654
5128465,RD (f15.0; a550) (x5),8916
5128490,RD (f6.0; d0.45) (x13),3104
5128489,RD (f6.0; d0.45) (x13),3009
5128550,RD (f6.0; d0.45) (x13),2439
5128590,RM (f18.0; a665; u4),3603
5128800,RM (f18.0; a665; u4),5889
5128826,RM (f18.0; a665; u4),3604
5128892,CR 1.0 (c1.0; r1.0) SS3  (x1546),2962
5128951,RD (f6.0; d0.45) (x13),2801
5129058,RD (f12.0; d0.45) (x12),4517
5129093,CR 1.0 (c1.0; r1.0) SS3  (x1546),11509
5129151,CR 1.0 (c1.0; r1.0) SS3  (x1546),2746
5129210,E 1.0,28676
5129538,RD (f6.0; d0.45) (x13),2876
5129642,RM (f18.0; a665; u4),4951
5129739,RD (f6.0; d0.45) (x13),3054
5129762,RM (f18.0; a665; u4),3644
5129806,RD (f6.0; d0.45) (x13),3387
5129862,RM (f18.0; a665; u4),3604
5129911,RD (f15.0; a550) (x5),7589
5130015,E 1.0,28018
5130512,RD (f6.0; d0.45) (x13),3048
5131087,RM (f18.0; a665; u4),3722
5131132,RD (f15.0; a550) (x5),6428
5131517,RD (f15.0; a550) (x5),5913
5131722,RD (f12.0; d0.45) (x12),4957
5131734,RD (f6.0; d0.45) (x13),3009
5131846,RD (f12.0; d0.45) (x12),5650
5131918,RM (f18.0; a665; u4),3663
5132217,RM (f18.0; a665; u4),4103
5132281,RD (f12.0; d0.45) (x12),4415
5132289,RD (f6.0; d0.45) (x13),3256
5132246,EL 1.0,32480
5132318,RD (f15.0; a550) (x5),5975
5132525,RD (f6.0; d0.45) (x13),3956
5132603,RM (f18.0; a665; u4),4000
5132807,RM (f18.0; a665; u4),3600
5132893,RD (f6.0; d0.45) (x13),3613
5133112,RD (f6.0; d0.45) (x13),2777
5133126,RM (f18.0; a665; u4),3637
5133195,RD (f6.0; d0.45) (x13),22966
5133198,RD (f12.0; d0.45) (x12),5069
5133264,RD (f6.0; d0.45) (x13),3194
5133268,RD (f9.0; d0.6) (x11),4705
5133685,RD (f9.0; d0.6) (x10),2791
5133830,RM (f18.0; a665; u4),25190
5133888,RM (f18.0; a665; u4),3154
5134018,RM (f18.0; a665; u4),3676
5134276,RD (f15.0; a550) (x5),10371
5134304,RD (f12.0; d0.45) (x12),4515
5134309,RM (f18.0; a665; u4),3862
5134366,RM (f18.0; a665; u4),3602
5134563,RT (x38),2176
5134573,RD (f9.0; d0.6) (x11),3849
5134590,OR,46375
5134883,RD (f12.0; d0.45) (x12),4515
5134921,RD (f12.0; d0.45) (x12),6234
5135277,RM (f18.0; a665; u4),4571
5135439,RD (f12.0; d0.45) (x12),6818
5135462,RD (f12.0; d0.45) (x12),5155
5135554,RD (f12.0; d0.45) (x12),5695
5135616,RM (f18.0; a665; u4),4405
5135636,OR,61521
5135648,RT (x38),2108
5135678,RD (f12.0; d0.45) (x12),4515
5135786,UT (x45),297755
5135815,RD (f9.0; d0.6) (x10),2811
5135844,RD (f15.0; a550) (x5),6543
5135848,RT (x38),2158
5136274,RM (f18.0; a665; u4),3823
5136282,RD (f9.0; d0.6) (x10),2875
5136356,RM (f18.0; a665; u4),5929
5136466,RD (f12.0; d0.45) (x12),4515
5136499,RT (x38),2515
5136526,RD (f12.0; d0.45) (x12),5047
5136532,EH 1.0 (x9),104702
5136656,RD (f9.0; d0.6) (x10),3272
5136716,RD (f15.0; a550) (x5),4614
5136823,RD (f9.0; d0.6) (x10),2998
5136993,RD (f9.0; d0.6) (x10),3390
5137003,RD (f9.0; d0.6) (x10),2842
5137023,RD (f9.0; d0.6) (x10),3527
5137055,RD (f9.0; d0.6) (x10),3267
5137160,RM (f18.0; a665; u4),4833
5137287,RD (f15.0; a550) (x5),6257
5137318,RM (f18.0; a665; u4),3963
5137325,RT (x38),3275
5137387,RM (f18.0; a665; u4),3122
5137558,RM (f18.0; a665; u4),3904
5137619,RD (f12.0; d0.45) (x12),5901
5137641,RM (f18.0; a665; u4),3599
5137668,RM (f18.0; a665; u4),4350
5137707,RM (f18.0; a665; u4),4330
5137713,RD (f9.0; d0.6) (x10),3708
5137726,E 1.0 (x89),267
5137731,RD (f9.0; d0.6) (x10),3348
5137774,RT (x38),2575
5137841,RM (f18.0; a665; u4),3592
5137845,RD (f15.0; a550) (x5),6297
5138072,RD (f9.0; d0.6) (x10),3147
5138202,RD (f12.0; d0.45) (x12),708
5138306,RD (f15.0; a550) (x5),7472
5138672,RD (f18.0; a690),8232
5138417,RM (f18.0; a665; u4),4046
5138573,RT (x38),3205
5138659,RM (f18.0; a665; u4),3594
5138677,RD (f13.5; a510; d0.45),7326
5138690,RD (f12.0; d0.45) (x12),4754
5138699,RD (f15.0; a550) (x5),7891
5138782,RM (f18.0; a665; u4),3608
5138837,RT (x38),6609
5138873,RT (x38),2408
5138903,RM (f18.0; a665; u4),3682
5138919,RM (f18.0; a665; u4),4373
5138997,RM (f18.0; a665; u4),3725
5139165,RD (f9.0; d0.6) (x10),3214
5139171,E 1.0 (x89),33
5139292,RD (f13.5; a510; d0.45),6753
5139444,RM (f18.0; a665; u4),3791
5139516,RM (f18.0; a665; u4),3611
5152589,RS (f18.0; a665) (x6),6363
5139573,RD (f13.5; a510; d0.45),6752
5139664,ON,30991
5139680,RD (f9.0; d0.6) (x10),4041
5139844,RD (f15.0; a550) (x5),9843
5139862,RD (f15.0; a550) (x5),6026
5139989,RD (f9.0; d0.6) (x10),3290
5140470,RD (f15.0; a550) (x5),6018
5140492,RD (f13.5; a510; d0.45),5502
5140637,RD (f13.5; a510; d0.45),5500
5140656,RD (f12.0; d0.45) (x12),56646
5140798,RM (f18.0; a665; u4),3602
5140815,RD (f9.0; d0.6) (x10),3088
5140849,RM (f18.0; a665; u4),3767
5140873,RD (f13.5; a510; d0.45),5501
5140917,RM (f18.0; a665; u4),3773
5140953,RM (f18.0; a665; u4),3608
5141094,RD (f9.0; d0.6) (x10),3479
5141278,RD (f9.0; d0.6) (x10),3298
5141363,RS (f18.0; a665) (x6),5044
5141646,RD (f9.0; d0.6) (x10),3724
5141675,RD (f9.0; d0.6) (x10),3470
5141760,RS (f18.0; a665) (x6),3709
5141773,RD (f9.0; d0.6) (x10),3120
5141867,RD (f9.0; d0.6) (x10),3074
5141925,RM (f18.0; a665; u4),40023
5142029,RM (f18.0; a665; u4),3613
5142036,RS (f18.0; a665) (x6),4020
5142075,RD (f12.0; d0.45) (x12),4517
5142272,RD (f13.5; a510; d0.45),5499
5142299,RD (f9.0; d0.6) (x10),2961
5142302,RM (f18.0; a665; u4),4229
5142368,RD (f13.5; a510; d0.45),5499
5142437,RD (f15.0; a550) (x5),6277
5142519,RD (f9.0; d0.6) (x10),3105
5142577,RD (f12.0; d0.45) (x12),4781
5142786,RD (f13.5; a510; d0.45),5892
5142795,RM (f18.0; a665; u4),3550
5142886,RM (f18.0; a665; u4),3460
5142917,RM (f18.0; a665; u4),3610
5142928,RM (f18.0; a665; u4),3602
5143225,RD (f9.0; d0.6) (x10),3231
5142993,RM (f18.0; a665; u4),3659
5143004,RD (f12.0; d0.45) (x12),4517
5143009,RD (f9.0; d0.6) (x10),3506
5143082,RS (f18.0; a665) (x6),4692
5143085,RD (f12.0; d0.45) (x12),4517
5143125,RM (f18.0; a665; u4),3596
5143138,RD (f9.0; d0.6) (x10),3360
5143197,RM (f18.0; a665; u4),3811
5143242,E 1.0 (x87),760
5143254,RD (f13.5; a510; d0.45),5532
5143402,RM (f18.0; a665; u4),3593
5143432,RD (f18.0; a690),5756
5143914,RD (f13.5; a510; d0.45),5636
5143479,E 1.0,67782
5144129,RD (f18.0; a690),8106
5143803,RD (f9.0; d0.6) (x10),1296
5143814,RD (f13.5; a510; d0.45),5551
5143982,RM (f18.0; a665; u4),3622
5143998,RD (f9.0; d0.6) (x10),3413
5144114,RD (f9.0; d0.6) (x10),2924
5144180,RD (f9.0; d0.6) (x10),142445
5144184,RD (f9.0; d0.6) (x10),2861
5144284,RM (f18.0; a665; u4),3927
5144287,RS (f18.0; a665) (x6),3742
5144352,RD (f13.5; a510; d0.45),48234
5144358,RM (f18.0; a665; u4),3209
5144388,RM (f18.0; a665; u4),3490
5144423,RM (f18.0; a665; u4),3602
5144495,RM (f18.0; a665; u4),3592
5144506,RD (f13.5; a510; d0.45),6748
5144543,RM (f18.0; a665; u4),3601
5144565,RD (f9.0; d0.6) (x10),4017
5144605,RD (f13.5; a510; d0.45),5635
5144683,RD (f13.5; a510; d0.45),7798
5144712,RD (f13.5; a510; d0.45),6191
5144898,RD (f9.0; d0.6) (x10),3147
5145072,RM (f18.0; a665; u4),3646
5145097,E 1.0,44459
5145190,RD (f9.0; d0.6) (x10),3147
5145325,CL 0.30 (x199),215
5145470,RD (f9.0; d0.6) (x10),3147
5145477,E 1.0 (x82),269383
5145492,RM (f18.0; a665; u4),3900
5145502,RM (f18.0; a665; u4),3973
5145706,RM (f18.0; a665; u4),3601
5145767,RM (f18.0; a665; u4),8020
5145803,RD (f13.5; a510; d0.45),6748
5145804,RM (f18.0; a665; u4),3965
5145843,RD (f13.5; a510; d0.45),7520
5145846,RD (f13.5; a510; d0.45),5499
5145867,RD (f13.5; a510; d0.45),6672
5145902,RM (f18.0; a665; u4),3696
5146033,RD (f13.5; a510; d0.45),5653
5146087,RM (f18.0; a665; u4),3810
5146213,RD (f13.5; a510; d0.45),5505
5146295,RD (f13.5; a510; d0.45),5499
5146382,E 1.0,122782
5146389,RD (f13.5; a510; d0.45),5505
5146417,RM (f18.0; a665; u4),73007
5146557,RM (f18.0; a665; u4),3499
5146612,RD (f13.5; a510; d0.45),5533
5146682,RM (f18.0; a665; u4),3601
5146798,RS (f18.0; a665) (x6),4417
5146799,RM (f18.0; a665; u4),4241
5146803,RM (f18.0; a665; u4),3699
5146828,RM (f18.0; a665; u4),3600
5147055,RM (f18.0; a665; u4),5094
5147087,RD (f13.5; a510; d0.45),11801
5147109,RM (f18.0; a665; u4),3608
5147349,RM (f18.0; a665; u4),3598
5147418,RD (f13.5; a510; d0.45),7953
5147648,UT,718433
5147766,RD (f13.5; a510; d0.45),5633
5148294,RM (f18.0; a665; u4),3599
5147831,RD (f13.5; a510; d0.45),5294
5147980,RM (f18.0; a665; u4),3599
5148129,E 1.0,150277
5147987,RAC (x187),1886
5148024,RD (f13.5; a510; d0.45),6049
5148114,RD (f13.5; a510; d0.45),6184
5148125,RM (f18.0; a665; u4),3598
5148309,RM (f18.0; a665; u4),4128
5148458,RM (f18.0; a665; u4),4514
5148495,RM (f18.0; a665; u4),3598
5148580,RD (f13.5; a510; d0.45),9234
5148609,RD (f13.5; a510; d0.45),36096
5148989,E 1.0 (x85),26552
5148684,RA (x179),71
5148745,RM (f18.0; a665; u4),3598
5148794,RM (f18.0; a665; u4),3726
5148819,E 1.0,16956
5148830,RM (f18.0; a665; u4),3804
5148850,RM (f18.0; a665; u4),4498
5148943,RM (f18.0; a665; u4),3805
5149043,E 1.0,141603
5149087,RM (f18.0; a665; u4),3598
5149092,RD (f13.5; a510; d0.45),6805
5149133,RD (f13.5; a510; d0.45),5500
5149095,RD (f13.5; a510; d0.45),5500
5149355,RM (f18.0; a665; u4),3805
5149468,RM (f18.0; a665; u4),3594
5149514,RM (f18.0; a665; u4),3596
5149589,RM (f18.0; a665; u4),3600
5149882,RM (f18.0; a665; u4),3835
5150035,RS (f18.0; a665) (x6),4657
5150107,RM (f18.0; a665; u4),3596
5150252,RM (f18.0; a665; u4),3964
5150427,RM (f18.0; a665; u4),3777
5150490,RM (f18.0; a665; u4),3778
5150538,RM (f18.0; a665; u4),3829
5150544,RD (f13.5; a510; d0.45),5499
5150846,EH 1.0,64316
5150939,RM (f18.0; a665; u4),4499
5151435,RM (f18.0; a665; u4),3633
5151511,RD (f15.0; a550) (x5),7158
5151552,RM (f18.0; a665; u4),4499
5151702,RS (f18.0; a665) (x6),4740
5151717,RS (f18.0; a665) (x6),4697
5151788,RM (f18.0; a665; u4),3914
5152189,RM (f18.0; a665; u4),3789
5151939,RD (f13.5; a510; d0.45),6915
5151961,RS (f18.0; a665) (x6),4842
5152126,RM (f18.0; a665; u4),4634
5152155,RD (f13.5; a510; d0.45),5859
5152203,RM (f18.0; a665; u4),4606
5152392,RD (f15.0; a550) (x5),6429
5152486,RM (f18.0; a665; u4),4498
5152523,RM (f18.0; a665; u4),3775
5152531,RD (f13.5; a510; d0.45),8301
5152568,EH 1.0,43568
5152619,RM (f18.0; a665; u4),3600
5165790,RD (f13.5; a510; d0.45),6787
5152699,RS (f18.0; a665) (x6),3747
5152763,RS (f18.0; a665) (x6),4197
5152848,RM (f18.0; a665; u4),3595
5152884,RM (f18.0; a665; u4),3522
5152930,RM (f18.0; a665; u4),3747
5152945,RM (f18.0; a665; u4),3602
5153014,RM (f18.0; a665; u4),3605
5153128,RS (f18.0; a665) (x6),5760
5153173,E 1.0 (x82),173970
5153381,RD (f13.5; a510; d0.45),5693
5153453,RM (f18.0; a665; u4),1564
5153463,RM (f18.0; a665; u4),4499
5153475,RM (f18.0; a665; u4),3602
5153505,UT,14482
5153542,RM (f18.0; a665; u4),3598
5153648,RD (f13.5; a510; d0.45),5639
5153780,RM (f18.0; a665; u4),4184
5153792,RD (f13.5; a510; d0.45),5503
5153852,RD (f13.5; a510; d0.45),5498
5153940,EH 1.0,45393
5154147,RM (f18.0; a665; u4),3476
5154148,RM (f18.0; a665; u4),4489
5154161,RD (f13.5; a510; d0.45),5498
5154217,RM (f18.0; a665; u4),4536
5154358,RM (f18.0; a665; u4),5442
5154377,RD (f13.5; a510; d0.45),5518
5154580,RM (f18.0; a665; u4),3767
5154639,RD (f15.0; a550) (x5),9213
5154709,RM (f18.0; a665; u4),4440
5154754,RM (f18.0; a665; u4),4500
5154793,RD (f15.0; a550) (x5),6843
5154961,RM (f18.0; a665; u4),3600
5154990,RS (f18.0; a665) (x6),4826
5155014,RS (f18.0; a665) (x6),8955
5155219,RM (f18.0; a665; u4),4195
5155223,RM (f18.0; a665; u4),4057
5155321,RM (f18.0; a665; u4),3593
5155409,RM (f18.0; a665; u4),301
5155471,RD (f15.0; a550) (x5),9903
5155594,E 1.0,132777
5155674,E 1.0,53040
5155735,RM (f18.0; a665; u4),3600
5155870,RM (f18.0; a665; u4),3791
5155980,RD (f13.5; a510; d0.45),5699
5156040,RD (f15.0; a550) (x5),6948
5156045,RD (f13.5; a510; d0.45),5511
5156081,RM (f18.0; a665; u4),3979
5156096,RD (f13.5; a510; d0.45),6103
5156225,RM (f18.0; a665; u4),3600
5156263,E 1.0,89396
5156279,RM (f18.0; a665; u4),3962
5156327,RD (f13.5; a510; d0.45),7902
5156584,RS (f18.0; a665) (x6),3597
5156598,RM (f18.0; a665; u4),3826
5156613,ON,50884
5156624,RD (f13.5; a510; d0.45),5511
5156653,E 1.0,46195
5156668,RM (f18.0; a665; u4),3600
5156827,RM (f18.0; a665; u4),3842
5156837,RM (f18.0; a665; u4),3626
5156841,RM (f18.0; a665; u4),3600
5156922,RD (f15.0; a550) (x5),5992
5157428,RM (f18.0; a665; u4),3977
5157448,RM (f18.0; a665; u4),3609
5157010,RM (f18.0; a665; u4),3600
5157107,UT,139259
5157124,RM (f18.0; a665; u4),3589
5157127,RD (f13.5; a510; d0.45),6057
5157246,RM (f18.0; a665; u4),4103
5157406,RM (f18.0; a665; u4),4719
5157481,RD (f13.5; a510; d0.45),7711
5157669,RM (f18.0; a665; u4),3608
5157792,E 1.0 (x82),2088
5157854,E 1.0,73184
5157882,RM (f18.0; a665; u4),3623
5158104,RD (f15.0; a550) (x5),7130
5158112,RD (f13.5; a510; d0.45),5502
5158136,E 1.0,42394
5158150,OR,209967
5158204,RS (f18.0; a665),4247
5158333,RM (f18.0; a665; u4),3296
5158463,RD (f13.5; a510; d0.45),5499
5158529,RM (f18.0; a665; u4),3600
5158574,RM (f18.0; a665; u4),3677
5158683,E 1.0 (x82),45382
5158787,RM (f18.0; a665; u4),3602
5158811,RS (f18.0; a665),3599
5158890,RS (f18.0; a665) (x6),5195
5158954,RM (f18.0; a665; u4),3881
5159134,RM (f18.0; a665; u4),4052
5159181,RM (f18.0; a665; u4),3600
5159405,RM (f18.0; a665; u4),3600
5159432,RS (f18.0; a665) (x6),3913
5159586,RM (f18.0; a665; u4),3673
5159814,RM (f18.0; a665; u4),3600
5159845,RD (f13.5; a510; d0.45),6091
5159905,RM (f18.0; a665; u4),3865
5159916,RM (f18.0; a665; u4),4125
5159985,RD (f15.0; a550) (x5),5994
5160038,RS (f18.0; a665),3418
5160129,RS (f18.0; a665),3449
5160425,RS (f18.0; a665),2374
5160446,RS (f18.0; a665),3449
5160636,RD (f15.0; a550) (x5),10768
5160718,RM (f18.0; a665; u4),3600
5161009,RD (f15.0; a550) (x5),6741
5161125,RD (f15.0; a550) (x5),6000
5161254,RD (f13.5; a510; d0.45),6578
5161268,RD (f15.0; a550) (x5),6402
5161278,RM (f18.0; a665; u4),3601
5161382,RM (f18.0; a665; u4),3599
5161408,RA (f24.0; au116.0),367
5161439,RM (f18.0; a665; u4),3730
5161573,RM (f18.0; a665; u4),3783
5161917,RM (f18.0; a665; u4),3822
5162384,RD (f15.0; a550) (x5),6541
5162443,RD (f15.0; a550) (x5),6254
5162502,RD (f15.0; a550) (x5),11205
5162665,RD (f13.5; a510; d0.45),6651
5162688,RD (f15.0; a550) (x5),7778
5162723,E 1.0 (x82),51812
5162758,RD (f15.0; a550) (x5),8080
5162919,RD (f13.5; a510; d0.45),5675
5163082,RD (f21.0; a975) (x70),954
5163121,RM (f18.0; a665; u4),3923
5163670,RM (f18.0; a665; u4),4037
5163372,RM (f18.0; a665; u4),3887
5163432,RD (f13.5; a510; d0.45),5998
5163730,RM (f18.0; a665; u4),3782
5163776,RS (f18.0; a665),5217
5163801,RM (f18.0; a665; u4),3940
5163823,RD (f13.5; a510; d0.45),6845
5163920,RD (f15.0; a550) (x5),6085
5163949,RS (f18.0; a665) (x6),4113
5164050,RD (f13.5; a510; d0.45),6037
5164339,RD (f13.5; a510; d0.45),6872
5164458,RD (f15.0; a550) (x5),6054
5164507,RM (f18.0; a665; u4),3862
5164518,RS (f18.0; a665),3596
5164588,RD (f15.0; a550) (x5),7700
5164595,RD (f13.5; a510; d0.45),6368
5164713,RM (f18.0; a665; u4),4458
5164726,RM (f18.0; a665; u4),3599
5164850,RM (f18.0; a665; u4),5422
5164957,RM (f18.0; a665; u4),3807
5165492,RM (f18.0; a665; u4),3806
5165101,RS (f18.0; a665),4319
5165109,RD (f15.0; a550) (x5),13700
5165111,RD (f15.0; a550) (x5),5971
5165119,RD (f15.0; a550) (x5),6492
5165120,RD (f15.0; a550) (x5),6324
5165150,RD (f13.5; a510; d0.45),6807
5165345,RD (f13.5; a510; d0.45),6772
5165723,RS (x2),2980
5166108,RD (f15.0; a550) (x5),6000
5166354,RM (f18.0; a665; u4),3806
5171035,RD (f13.5; a510; d0.45),6698
5178261,RD (f13.5; a510; d0.45),6548
5165866,RS (f18.0; a665),3452
5165972,RD (f13.5; a510; d0.45),7330
5166009,RM (f18.0; a665; u4),3526
5166193,RM (f18.0; a665; u4),3807
5166378,RS (f18.0; a665),3695
5166410,RS (f18.0; a665),3595
5166489,RD (f15.0; a550) (x5),9817
5166507,RS (f18.0; a665),3453
5166687,RM (f18.0; a665; u4),3762
5166710,RD (f13.5; a510; d0.45),6064
5166984,RD (d0.45) (x1246),14140
5167042,RD (f13.5; a510; d0.45),6561
5167143,RD (f15.0; a550) (x5),7500
5167209,RD (f13.5; a510; d0.45),7567
5167265,RD (f15.0; a550) (x5),7499
5167360,CL 0.40 (x251),150858
5167460,RS (f18.0; a665),3643
5167751,RM (f18.0; a665; u4),3778
5167467,RD (f13.5; a510; d0.45),7933
5167749,RD (f15.0; a550) (x5),6113
5167763,RD (f13.5; a510; d0.45),5849
5167779,EL 1.0,20004
5167844,RS (f18.0; a665),4141
5167876,RS (f18.0; a665),4023
5167958,RM (f18.0; a665; u4),3778
5167991,RD (f13.5; a510; d0.45),6124
5168060,RM (f18.0; a665; u4),5415
5168111,RS (f18.0; a665),4023
5168182,RS (f18.0; a665),4127
5168669,RM (f18.0; a665; u4),74469
5168677,EL 1.0,16754
5168209,RD (d0.45) (x1246),13030
5168234,RS (f18.0; a665),4147
5168331,RD (d0.45) (x1246),13100
5168795,RD (f15.0; a550) (x5),6494
5168344,UT,53473
5168345,RD (f13.5; a510; d0.45),7420
5168480,RS (f18.0; a665),4006
5168625,CR 0.5 (c0.5; r0.0) SS3  (x1127),117
5168724,RM (f18.0; a665; u4),4516
5168730,RD (f13.5; a510; d0.45),5513
5168758,RM (f18.0; a665; u4),3778
5169007,RM (f18.0; a665; u4),3597
5169135,RM (f18.0; a665; u4),3778
5169176,RD (f13.5; a510; d0.45),5513
5169269,RD (f13.5; a510; d0.45),5513
5169446,RS (f18.0; a665),3583
5169676,RD (f13.5; a510; d0.45),5649
5169706,RD (f13.5; a510; d0.45),7223
5169765,RD (f13.5; a510; d0.45),77011
5169893,RM (f18.0; a665; u4),3777
5169923,E 1.0,34676
5170086,RD (f13.5; a510; d0.45),5622
5170108,RD (f13.5; a510; d0.45),5609
5170227,UT,14857
5170229,EL 1.0,17803
5170261,RM (f18.0; a665; u4),4289
5170301,RD (d0.45) (x1246),8046
5170395,RD (d0.45) (x1246),15459
5170445,RS (f18.0; a665),3893
5170551,RM (f18.0; a665; u4),3776
5170579,RD (f13.5; a510; d0.45),7497
5170591,RS (f18.0; a665),8957
5170626,RD (f13.5; a510; d0.45),6096
5170723,RD (f13.5; a510; d0.45),7660
5170791,RS (f18.0; a665),3449
5170895,RD (f13.5; a510; d0.45),5511
5171026,RS (f18.0; a665),3155
5171057,RD (f13.5; a510; d0.45) (x1299),13465
5171120,RD (f15.0; a550) (x5),6200
5171190,RM (f18.0; a665; u4),3857
5171353,RS (f18.0; a665),3450
5171357,E 1.0,30415
5171502,RM (f18.0; a665; u4),5956
5171598,RD (f13.5; a510; d0.45),6122
5171623,RD (f13.5; a510; d0.45),5747
5171716,RD (f15.0; a550) (x5),6220
5171784,RD (f13.5; a510; d0.45) (x1299),8335
5171796,RD (f13.5; a510; d0.45),5511
5171853,RD (f13.5; a510; d0.45) (x1299),10179
5172014,RD (f13.5; a510; d0.45) (x1299),7498
5172015,RD (f13.5; a510; d0.45),5511
5172274,RS (f18.0; a665),4733
5172316,RD (f13.5; a510; d0.45),5002
5172321,RM (f18.0; a665; u4),3578
5172330,RD (f13.5; a510; d0.45) (x1299),7498
5172422,RD (f13.5; a510; d0.45),5717
5172446,RD (f15.0; a550) (x5),6015
5172502,RS (f18.0; a665),3449
5172543,RD (f15.0; a550) (x5),6013
5172841,RM (f18.0; a665; u4),3693
5172554,RD (f15.0; a550) (x5),6014
5172704,RD (f13.5; a510; d0.45),5075
5172722,RM (f18.0; a665; u4),3606
5172728,RD (f13.5; a510; d0.45),8677
5172729,RM (f18.0; a665; u4),3691
5172763,RD (f15.0; a550) (x5),6019
5172982,RD (f13.5; a510; d0.45),5707
5173027,RD (f13.5; a510; d0.45) (x1299),13429
5173032,E 1.0,60243
5173074,RM (f18.0; a665; u4),4230
5173089,RD (f15.0; a550) (x5),6002
5173091,RD (f13.5; a510; d0.45),5989
5173156,RD (f15.0; a550) (x5),5997
5173194,RD (f15.0; a550) (x5),7345
5173200,RM (f18.0; a665; u4),4030
5173244,RD (f13.5; a510; d0.45) (x1299),7499
5173250,RM (f18.0; a665; u4),4033
5173262,ON,16465
5173263,RM (f18.0; a665; u4),4034
5173453,RD (f15.0; a550) (x5),5998
5173351,RD (f13.5; a510; d0.45),8926
5173512,RM (f18.0; a665; u4),3978
5173721,OR,100749
5173599,RD (f13.5; a510; d0.45),5656
5173977,RM (f18.0; a665; u4),3949
5174043,RD (f13.5; a510; d0.45),5338
5174182,RM (f18.0; a665; u4),4208
5174344,EL 1.0 (x10),55779
5174418,RD (f13.5; a510; d0.45),10784
5174477,RD (f15.0; a550) (x5),6800
5174710,RD (f13.5; a510; d0.45),5687
5174789,RD (f13.5; a510; d0.45),5001
5174936,RM (f18.0; a665; u4),4095
5174999,RM (f18.0; a665; u4),3749
5175118,RD (f13.5; a510; d0.45),6524
5175233,RD (f13.5; a510; d0.45),5505
5175288,RM (f18.0; a665; u4),3594
5175816,RD (f13.5; a510; d0.45),6458
5175416,RD (f13.5; a510; d0.45),5002
5175533,RM (f18.0; a665; u4),4292
5175624,RD (f13.5; a510; d0.45),5002
5175663,RM (f18.0; a665; u4),4325
5175846,RD (f13.5; a510; d0.45),5848
5175884,RM (f18.0; a665; u4),8043
5175890,RD (f13.5; a510; d0.45),5499
5176041,RD (f13.5; a510; d0.45),6704
5176098,RD (f13.5; a510; d0.45),6704
5176142,RD (f13.5; a510; d0.45) (x1299),7250
5176150,RD (f13.5; a510; d0.45),8798
5176320,RD (f13.5; a510; d0.45),6219
5176419,RM (f21.0; a925; d0.85),3888
5176463,RM (f18.0; a665; u4),4013
5176483,RM (f18.0; a665; u4),3648
5176539,E 1.0,77484
5176636,EL 1.0 (x10),20497
5176779,RD (f13.5; a510; d0.45),5499
5176797,RM (f18.0; a665; u4),4399
5176848,RD (f13.5; a510; d0.45),6049
5176951,RD (f13.5; a510; d0.45),5755
5176968,RM (f18.0; a665; u4),3485
5177070,RD (f13.5; a510; d0.45),4930
5177080,RD (f13.5; a510; d0.45),6683
5177108,RD (f13.5; a510; d0.45),5002
5177152,RD (f13.5; a510; d0.45),5087
5177230,RM (f18.0; a665; u4),3785
5177290,EL 1.0 (x10),74281
5177356,RM (f18.0; a665; u4),3595
5177557,RD (f13.5; a510; d0.45),5700
5177641,CL 2.0 (x193),58871
5177653,RD (f13.5; a510; d0.45),6048
5177755,RD (f13.5; a510; d0.45),6639
5177768,RD (f13.5; a510; d0.45),5001
5177866,RD (f13.5; a510; d0.45),5001
5177948,RM (f18.0; a665; u4),3867
5178093,RD (f13.5; a510; d0.45),5268
5178107,RM (f18.0; a665; u4),3859
5178129,RD (f13.5; a510; d0.45),5959
5178195,RM (u4; au139.0),3872
5178335,RA (f30.0; a1375),14488
5178343,RD (f13.5; a510; d0.45),4997
5190399,RD (f9.0; a290; d0.6) (x1),4519
5178565,RM (f18.0; a665; u4),3904
5178611,RD (f13.5; a510; d0.45),5430
5178692,RM (f18.0; a665; u4),3648
5178730,RD (f13.5; a510; d0.45),5119
5178736,RD (f13.5; a510; d0.45),8804
5178809,E 1.0 (x82),87235
5178939,CR 2.0 (c2.0; r1.5) SS3  (x1111),3593
5178985,RD (f13.5; a510; d0.45),6180
5179028,RM (u4; au139.0),3888
5179067,RM (f18.0; a665; u4),4022
5179347,CR 2.0 (c2.0; r1.5) SS3,3145
5179411,CR 2.0 (c2.0; r1.5) SS3  (x1111),3154
5179448,RM (f18.0; a665; u4),3762
5179483,CR 2.0 (c2.0; r1.5) SS3  (x1111),4955
5179555,RS (f18.0; a665),3643
5179557,RM (f18.0; a665; u4),4028
5179560,RM (f18.0; a665; u4),3742
5179598,RD (f13.5; a510; d0.45),5773
5179663,RS (f18.0; a665),1161
5179699,RD (f13.5; a510; d0.45),2199
5179745,CR 2.0 (c2.0; r1.5) SS3,6064
5179755,CR 2.0 (c2.0; r1.5) SS3,3139
5179761,RS (f18.0; a665),4138
5179801,RD (d0.45) (x2),4173
5179853,RD (f13.5; a510; d0.45),5500
5179894,RM (f18.0; a665; u4),3856
5179956,RD (f13.5; a510; d0.45),9706
5179981,RM (f18.0; a665; u4),4959
5180277,RD (f13.5; a510; d0.45),5748
5180286,RD (f13.5; a510; d0.45),5999
5180332,RD (f15.0; a550) (x5),6231
5180382,RD (f13.5; a510; d0.45),6049
5180394,RD (f13.5; a510; d0.45),5518
5180438,RM (f18.0; a665; u4),166
5180519,RM (u4) (x18),3596
5180581,RS (f18.0; a665),3666
5180636,RD (f13.5; a510; d0.45),6599
5180673,RS (f18.0; a665),3666
5180747,RM (f18.0; a665; u4),4906
5180867,RD (d0.45) (x2),4049
5181073,RD (f15.0; a550) (x5),6688
5181151,RD (d0.45) (x2),3759
5181281,RM (f18.0; a665; u4),4203
5181379,RS (f18.0; a665),4507
5181421,RS (f18.0; a665),3666
5181496,RS (f18.0; a665),3452
5181655,RD (f13.5; a510; d0.45),5499
5181722,RD (f13.5; a510; d0.45),6154
5181772,RS (f18.0; a665),4357
5181845,RD (f15.0; a550) (x5),6000
5181974,RD (d0.45) (x2),4050
5181998,RD (f15.0; a550) (x5),6000
5182013,RD (f18.0; a690),7840
5182032,RD (f13.5; a510; d0.45),5499
5182272,RD (f13.5; a510; d0.45),5060
5182456,RD (d0.45) (x2),4050
5182497,RD (d0.45) (x2),3740
5182588,RS (f18.0; a665),12299
5182666,RD (d0.45) (x2),4050
5182975,RM (f18.0; a665; u4),3860
5183116,RS (f18.0; a665),4487
5183167,RM (f18.0; a665; u4),3725
5183210,RD (d0.45) (x2),3599
5183418,RS (f18.0; a665),4506
5183436,RD (f13.5; a510; d0.45),9422
5183949,RD (f13.5; a510; d0.45),5365
5183499,RD (f13.5; a510; d0.45),121438
5183640,RD (f13.5; a510; d0.45),8644
5183710,RD (f15.0; a550) (x5),6599
5183727,RD (d0.45) (x2),5043
5183821,RD (f15.0; a550) (x5),6381
5183898,RD (d0.45) (x2),3607
5183916,RD (f15.0; a550) (x5),6199
5183980,RD (f15.0; a550) (x5),6439
5184003,RD (d0.45) (x2),3982
5184034,RD (f13.5; a510; d0.45),8646
5184046,RD (f18.0; a690),7491
5184110,RD (d0.45) (x2),3644
5184121,RD (f13.5; a510; d0.45),5508
5184168,CR 2.0 (c2.0; r1.5) SS3,1929
5184255,RM (u4) (x18),7609
5184266,RD (f15.0; a550) (x5),6286
5184282,RD (f13.5; a510; d0.45),5019
5184409,RD (f18.0; a690),7492
5184902,RD (f15.0; a550) (x5),7313
5184646,RD (f15.0; a550) (x5),6085
5184904,RD (f18.0; a690),7480
5185238,RD (f18.0; a690),7724
5185240,RS (f18.0; a665),6348
5185245,RD (d0.45) (x2),3600
5185313,RD (f15.0; a550) (x5),6250
5185553,EL 1.0,15721
5185578,RD (d0.45) (x3),136
5185660,RS (f18.0; a665),4029
5185847,RD (f13.5; a510; d0.45),5151
5186160,RS (x1),3338
5186241,RD (f13.5; a510; d0.45),6747
5186459,RS (x1),3336
5186604,ON,2079
5186699,RD (f18.0; a690),7725
5186761,RD (f18.0; a690),13833
5186921,RD (f13.5; a510; d0.45),5952
5186928,RM (f18.0; a665; u4),5338
5186954,RS (x1),3336
5187291,RD (f13.5; a510; d0.45),5847
5187318,RS (x1),4250
5187320,RM (f18.0; a665; u4),5400
5187362,RD (f15.0; a555; d0.45),6567
5187393,RD (f15.0; a555; d0.45),9334
5187474,RM (u4) (x18),5984
5187545,RD (f9.0; a290; d0.6) (x1),4549
5187749,RT (u137) (x4),1907
5187750,RS (x1),4723
5187777,RD (f15.0; a550) (x5),7688
5187778,RD (f13.5; a510; d0.45),4997
5187827,RM (u4) (x18),3696
5187889,RD (f13.5; a510; d0.45),6455
5187934,RS (x1),3391
5188077,RT (u137) (x4),3835
5188080,RS (x1),4529
5188260,RS (x1),3638
5188517,RT (u137) (x4),2851
5188560,RD (f15.0; a555; d0.45),7552
5188587,RD (f9.0; a290; d0.6) (x1),5023
5188621,RD (f9.0; a290; d0.6) (x1),5108
5188623,RS (x1),4523
5188688,RD (f13.5; a510; d0.45),5485
5188739,CR 2.0 (c2.0; r1.5) SS3,2371
5188836,RD (f13.5; a510; d0.45),5996
5188864,RD (f21.0; a975) (x70),10506
5189099,RD (f9.0; a290; d0.6) (x1),5723
5189027,CR 2.0 (c2.0; r1.5) SS3,2441
5189030,RD (f21.0; a975) (x70),11457
5189227,RD (f21.0; a975) (x70),11458
5189289,RD (d0.45) (x1213),930
5189304,RD (d0.45) (x1213),3
5189370,RD (f9.0; a290; d0.6) (x1),6240
5189391,RS (x1),4004
5189396,CR 2.0 (c2.0; r1.5) SS3,2129
5189462,RD (f15.0; a555; d0.45),6000
5189481,RD (f15.0; a555; d0.45),6604
5189655,RT (x10),5416
5190096,RD (f13.5; a510; d0.45),5535
5189673,RD (f13.5; a510; d0.45),3129
5189747,RD (f9.0; a290; d0.6) (x1),4478
5189802,RT (u137) (x4),1961
5189831,RS (x1),2954
5189951,RD (f13.5; a510; d0.45),3272
5189956,RD (f13.5; a510; d0.45),5544
5189980,RD (f12.0; a370; d0.6),4416
5190069,RS (x1),4070
5190108,RD (f13.5; a510; d0.45),6635
5190146,RD (f13.5; a510; d0.45),7499
5190192,RT (u137) (x4),2374
5200510,RD (f13.5; a510; d0.45),5637
5190489,RD (d0.45) (x1213),3998
5190522,RD (d0.45) (x1213),4000
5190597,RS (x315),2475
5190769,RD (f15.0; a555; d0.45),15099
5190830,CR 0.3 (c0.3; r0.0) SS3  (x1133),191062
5190834,RD (f13.5; a510; d0.45),6961
5190863,RD (f13.5; a510; d0.45),6685
5190916,RS (x315),6290
5190933,RS (x315),2475
5191007,RD (d0.45) (x1213),3991
5191167,RD (f13.5; a510; d0.45),26300
5191395,RT (x10),1846
5191436,RD (f16.5; a650; d0.45) (x9),6811
5191542,RT (x10),1846
5191586,RD (f13.5; a510; d0.45),5886
5191598,RS (x315),3808
5191626,RD (d0.45) (x1213),3996
5191633,RD (f16.5; a650; d0.45) (x9),7499
5191729,RT (u137) (x4),2375
5191754,RD (f13.5; a510; d0.45),9074
5191766,RT (x10),2116
5191810,RD (d0.45) (x1213),4099
5191917,RD (d0.45) (x1213),3987
5191983,RD (f13.5; a510; d0.45),7499
5192025,RS (x315),2817
5192034,RD (f13.5; a510; d0.45),5534
5192154,RD (f16.5; a650; d0.45) (x9),260
5192207,RD (f15.0; a555; d0.45),10192
5192498,RS (x315),2770
5192574,RD (f9.0; a290; d0.6) (x1),5974
5192595,RS (x315),2817
5192634,RD (f9.0; a290; d0.6) (x1),4398
5192705,RD (f16.5; a650; d0.45) (x9),5869
5192795,RD (f16.5; a650; d0.45) (x9),6148
5192805,RS (x315),2375
5192885,RD (f13.5; a510; d0.45),10368
5192940,RD (f13.5; a510; d0.45),6035
5192986,RS (x315),2501
5193076,RT (u137) (x4),2199
5193097,RT (u137) (x4),2050
5193117,RD (f13.5; a510; d0.45),5679
5193298,RD (f13.5; a510; d0.45),5396
5193337,RS (x315),3304
5193351,RD (f13.5; a510; d0.45),9996
5193386,RD (f16.5; a650; d0.45) (x9),5276
5193525,RD (f15.0; a555; d0.45),6210
5193595,RS (x315),2935
5193633,RS (x315),2976
5193684,RD (f15.0; a555; d0.45),10786
5193702,RD (f13.5; a510; d0.45),6519
5193707,RD (d0.45) (x1213),4099
5193728,RS (x315),2367
5193841,RS (x315),3520
5193912,RS (f18.0; a665),3548
5193987,RD (d0.45) (x2),3599
5194057,RD (d0.45) (x2),4238
5194948,RD (d0.45) (x2),4601
5194953,RD (f13.5; a510; d0.45),5754
5194128,RD (f16.5; a650; d0.45) (x9),5281
5195047,RD (f13.5; a510; d0.45),5923
5194161,RD (f15.0; a555; d0.45),24881
5194308,RD (d0.45) (x1213),4907
5194312,RT (u137) (x4),2905
5194337,RD (f13.5; a510; d0.45),5734
5194338,RD (f12.0; a370; d0.6),5088
5194339,RD (f15.0; a555; d0.45),11457
5194529,RS (f18.0; a665),5914
5194849,RD (f9.0; a290; d0.6) (x1),4694
5194638,RT (u137) (x4),2508
5194711,RD (d0.45) (x2),3652
5194802,RD (d0.45) (x2),5192
5194931,RD (f13.5; a510; d0.45),5503
5195008,RD (f16.5; a650; d0.45) (x9),7471
5195131,RT (u137) (x4),2999
5195189,RD (d0.45) (x1213),3921
5195524,RD (f16.5; a650; d0.45) (x9),25
5195909,RT (x313),3646
5196104,RS (x315),3000
5196332,RD (f9.0; a290; d0.6) (x1),4580
5196415,RD (d0.45) (x2),3643
5196448,RS (x315),3635
5196459,RD (f13.5; a510; d0.45),4909
5196586,RS (x315),2774
5196674,RD (f13.5; a510; d0.45),5398
5196738,RD (f16.5; a650; d0.45) (x9),10895
5196741,RD (f9.0; a290; d0.6) (x1),4206
5196888,RD (f9.0; a290; d0.6) (x1),4095
5197007,RD (d0.45) (x2),3600
5197129,RD (f13.5; a510; d0.45),5734
5197193,RD (d0.45) (x2),3648
5197263,RD (f13.5; a510; d0.45),6757
5197346,RD (f9.0; a290; d0.6) (x1),5051
5197473,RD (f9.0; a290; d0.6) (x1),5068
5197560,RD (f13.5; a510; d0.45),7557
5197584,ON,348290
5197775,RD (f13.5; a510; d0.45),6265
5197829,RD (f9.0; a290; d0.6) (x1),5339
5197912,RM (au139.0),8876
5198073,RD (f13.5; a510; d0.45),6406
5198154,RD (d0.45) (x2),3630
5198256,RD (d0.45) (x2),3600
5198282,RM (u4) (x18),4000
5198329,RM (au139.0),5909
5198601,RD (d0.45) (x2),3601
5198708,E 1.0,2407
5198827,RM (au139.0),37090
5198850,RD (f12.0; a370) (x673),6396
5198921,RD (f12.0; a370) (x673),5363
5198963,RD (f12.0; a370) (x673),64671
5199127,RD (f9.0; a290; d0.6) (x1),4812
5199142,RD (f9.0; a290; d0.6) (x1),6595
5199208,RD (f9.0; a290; d0.6) (x1),4740
5199220,RD (f13.5; a510; d0.45),6076
5200364,RD (d0.45) (x2),3618
5199253,RT (x313),7881
5199295,RD (f13.5; a510; d0.45),6700
5199510,RM (au139.0),37953
5199581,RD (f13.5; a510; d0.45),7661
5199599,RD (f9.0; a290; d0.6) (x1),4946
5199618,RT (x25),164147
5199899,RD (f13.5; a510; d0.45),6816
5199938,RD (f13.5; a510; d0.45),5512
5199996,RD (f9.0; a290; d0.6) (x1),4515
5200343,RM (f18.0; a665; u4),3739
5200353,RD (f12.0; a370) (x673),4364
5200430,RD (f15.0; a555; d0.45),6287
5210976,RT (x166),937
5200914,RD (f16.5; a650; d0.45) (x9),15958
5200935,RM (f18.0; a665; u4),3750
5200981,RS (a500) (x191),2745
5201120,RD (f12.0; a370) (x673),9357
5201212,RM (f18.0; a665; u4),3103
5201314,RD (f15.0; a555; d0.45),7499
5201578,RD (f15.0; a555; d0.45),5469
5201622,RD (f13.5; a510; d0.45),6310
5201695,RD (f13.5; a510; d0.45),5511
5201702,RT (x166),823
5201743,RM (f18.0; a665; u4),4360
5201876,RD (f13.5; a510; d0.45),6531
5202005,RD (f9.0; a290; d0.6) (x1),4136
5202060,RD (f16.5; a650; d0.45) (x9),1375
5202210,RM (f18.0; a665; u4),3671
5202227,RM (f18.0; a665; u4),3749
5202331,RT (x166),965
5202430,RD (f16.5; a650; d0.45) (x9),1501
5202434,RD (f15.0; a550) (x5),9507
5202463,RD (f9.0; a290; d0.6) (x1),4937
5202469,RD (f9.0; a290; d0.6) (x1),4679
5202905,RD (f9.0; a290; d0.6) (x1),4562
5202917,RM (f18.0; a665; u4),3759
5203039,RM (f18.0; a665; u4),3768
5203086,RT (x166),965
5203125,RM (f18.0; a665; u4),3902
5203176,RM (f18.0; a665; u4),3768
5203253,RT (x166),1343
5203291,RD (f15.0; a555; d0.45),10643
5203345,RM (f18.0; a665; u4),3746
5203516,RD (f16.5; a650; d0.45) (x9),2279
5203518,RT (x166),1280
5203549,RD (f13.5; a510; d0.45),5399
5203562,RD (f9.0; a290; d0.6) (x1),4439
5203578,RT (x166),950
5204019,RT (x166),798
5203685,RT (x166),950
5203796,RM (f18.0; a665; u4),3367
5204084,RD (f9.0; a290; d0.6) (x1),78218
5204138,RT (x166),951
5204250,RD (f13.5; a510; d0.45),5387
5204257,RD (a370) (x663),6280
5204421,RD (f9.0; a290; d0.6) (x1),62101
5204516,RD (f9.0; a290; d0.6) (x1),4439
5204561,RT (x166),978
5204593,ON,57291
5204609,RM (f18.0; a665; u4),5182
5204727,RD (f13.5; a510; d0.45),7148
5205030,RD (f9.0; a290; d0.6) (x1),4261
5204746,RM (f18.0; a665; u4),4949
5204799,RM (f18.0; a665; u4),3949
5204838,RM (f18.0; a665; u4),3499
5204874,RT (x166),965
5205219,RD (a370) (x663),5920
5204939,RT (x166),965
5204985,RT (x166),1329
5205178,RS (a500) (x191),2744
5205278,RD (f9.0; a290; d0.6) (x1),3554
5205304,RM (f18.0; a665; u4),3748
5205313,RT (x166),1027
5205535,RS (a500) (x191),2744
5205579,RD (f13.5; a510; d0.45),5499
5206877,RD (f15.0; a550) (x5),9644
5206883,RD (f13.5; a510; d0.45),7214
5206897,RD (f13.5; a510; d0.45),7656
5205653,RT (x166),965
5206947,RD (f13.5; a510; d0.45),6380
5205714,RD (f13.5; a510; d0.45),7259
5205775,RT (x166),1343
5205814,RD (f9.0; a290; d0.6) (x1),4998
5205993,RS (a500) (x191),2745
5206102,RS (a500) (x191),2740
5206466,RD (f13.5; a510; d0.45),5332
5206199,RD (x662),5957
5206511,RD (f9.0; a290; d0.6) (x1),4325
5206284,RT (x166),1350
5206336,RM (f18.0; a665; u4),3749
5206339,RD (f13.5; a510; d0.45),8063
5206454,RM (u4) (x18),4896
5206345,RD (f13.5; a510; d0.45),6249
5206413,RM (f18.0; a665; u4),3811
5206436,RD (x662),9230
5206493,RD (f9.0; a290; d0.6) (x1),4407
5206574,RD (f13.5; a510; d0.45),7701
5206688,RT (x166),985
5206839,RS (f18.0; a665),4575
5206843,RD (f15.0; a550) (x5),6042
5207006,RD (f9.0; a290; d0.6) (x1),6788
5207117,RT (x166),995
5207204,OR,18834
5207219,RD (f15.0; a550) (x5),9647
5207226,RM (f18.0; a665; u4),3750
5207275,RD (f13.5; a510; d0.45),6720
5207357,RM (f18.0; a665; u4),5712
5207378,RM (f24.0; au139.0),7999
5207384,RT (x166),2501
5207431,RT (x166),1885
5207454,RD (f13.5; a510; d0.45),5862
5207499,RD (f13.5; a510; d0.45),4534
5207559,RD (f13.5; a510; d0.45),5395
5207577,RD (f13.5; a510; d0.45),19214
5207596,RD (f13.5; a510; d0.45),5624
5207680,RD (f13.5; a510; d0.45),6065
5207766,RD (f9.0; a290; d0.6) (x1),4294
5207816,RD (f13.5; a510; d0.45),8177
5207818,RM (f18.0; a665; u4),3750
5207956,RD (f13.5; a510; d0.45),6226
5208015,RT (x166),1453
5208104,RT (x166),2003
5208176,RD (f13.5; a510; d0.45),6050
5208275,RD (f15.0; a555; d0.45),6249
5208300,RD (f13.5; a510; d0.45),5749
5208538,RD (f13.5; a510; d0.45),7247
5208395,RM (f18.0; a665; u4),3750
5208468,RD (f13.5; a510; d0.45),5759
5208488,RD (f13.5; a510; d0.45),6227
5208630,RD (f13.5; a510; d0.45),5501
5208728,RD (f13.5; a510; d0.45),5698
5208774,RD (f13.5; a510; d0.45),5672
5208844,RD (f13.5; a510; d0.45),5511
5208852,RD (f15.0; a555; d0.45),7119
5208915,RM (f18.0; a665; u4),4339
5208982,RM (f18.0; a665; u4),3686
5208987,RD (f13.5; a510; d0.45),6725
5209036,RD (f13.5; a510; d0.45),5554
5209093,RD (f13.5; a510; d0.45),5512
5209405,RT (x166),884
5209138,RM (f18.0; a665; u4),3951
5209246,RD (f13.5; a510; d0.45),7418
5209370,RD (f15.0; a555; d0.45),7716
5209434,RD (f13.5; a510; d0.45),6073
5209477,RD (f13.5; a510; d0.45),5679
5209505,RD (f13.5; a510; d0.45),4978
5209560,RM (f18.0; a665; u4),3615
5209571,RD (f13.5; a510; d0.45),8377
5209645,RD (f13.5; a510; d0.45),5296
5209657,RD (f13.5; a510; d0.45),5919
5209692,RM (f18.0; a665; u4),3750
5209816,RT (x166),891
5209848,RM (f18.0; a665; u4),3859
5209855,RD (f13.5; a510; d0.45),6072
5209864,RD (f15.0; a550) (x5),6439
5209928,RS (a500) (x191),7897
5210226,RM (f18.0; a665; u4),4490
5210230,RD (f13.5; a510; d0.45),5562
5210274,RD (f13.5; a510; d0.45),5123
5210282,RM (f18.0; a665; u4),5924
5210339,RT (x166),891
5210349,RD (f13.5; a510; d0.45),5243
5210373,RD (f13.5; a510; d0.45),5499
5210384,RD (f13.5; a510; d0.45),3614
5210472,RD (f15.0; a550) (x5),94929
5210521,RD (f13.5; a510; d0.45),5399
5210538,RD (f13.5; a510; d0.45),5929
5210590,RM (f18.0; a665; u4),3697
5210633,RT (x166),950
5210663,RD (f13.5; a510; d0.45),5075
5210705,RM (f18.0; a665; u4),3751
5210740,RM (f18.0; a665; u4),3751
5210936,RD (f13.5; a510; d0.45),5496
5220676,RD (f9.0; a290; d0.6) (x1),4924
5211021,RD (f13.5; a510; d0.45),5499
5211247,RD (f27.0; a1375),11542
5211266,RD (f13.5; a510; d0.45),7495
5211378,RD (f13.5; a510; d0.45),5624
5211385,RM (f18.0; a665; u4),3749
5211383,RD (f13.5; a510; d0.45),5423
5211405,RT (x166),950
5211459,RD (f13.5; a510; d0.45),5113
5211483,RD (f13.5; a510; d0.45),5494
5212649,RD (f13.5; a510; d0.45),5980
5211723,RD (f13.5; a510; d0.45),5624
5211784,RD (f13.5; a510; d0.45),5760
5211812,RD (f13.5; a510; d0.45),5432
5211827,RM (f18.0; a665; u4),3597
5211855,RM (f18.0; a665; u4),3752
5211949,RM (f18.0; a665; u4),3919
5212041,RD (f15.0; a550) (x5),6011
5212404,RD (f13.5; a510; d0.45),5039
5212077,RD (f13.5; a510; d0.45),5564
5212079,RT (x166),861
5212455,RD (f15.0; a550) (x5),5962
5212224,RM (f18.0; a665; u4),3595
5212242,RD (f15.0; a550) (x5),6373
5212372,RD (f13.5; a510; d0.45),5499
5212520,RT (x7),1766
5212530,RD (f13.5; a510; d0.45),5499
5212744,RD (f13.5; a510; d0.45),6654
5212813,RM (f18.0; a665; u4),3703
5212832,RD (f13.5; a510; d0.45),5511
5212857,RT (x166),1105
5212885,RM (f18.0; a665; u4),3805
5212917,RD (f15.0; a550) (x5),4939
5212954,RD (f13.5; a510; d0.45),5482
5213084,RD (f15.0; a550) (x5),6347
5213283,RD (f13.5; a510; d0.45),5039
5213330,RD (f15.0; a550) (x5),6112
5213385,RD (f13.5; a510; d0.45),9656
5213411,RD (f13.5; a510; d0.45),5570
5213858,RM (f18.0; a665; u4),3490
5213863,RD (f13.5; a510; d0.45),5053
5213867,RT (x7),2803
5213890,RM (f18.0; a665; u4),4049
5213902,RM (f18.0; a665; u4),3630
5214163,RT (x7),35055
5214204,RD (f13.5; a510; d0.45),4989
5214300,RD (f13.5; a510; d0.45),5499
5214319,RD (f13.5; a510; d0.45),2451
5214359,RT (x6),67707
5214767,RD (f15.0; a550) (x5),8399
5214450,RD (f13.5; a510; d0.45),5534
5214503,RD (f15.0; a550) (x5),16269
5214689,RT (x7),1550
5214733,RD (f13.5; a510; d0.45),5534
5214746,RD (f13.5; a510; d0.45),6160
5214807,RD (f13.5; a510; d0.45),7947
5214969,RD (f13.5; a510; d0.45),5577
5215206,RD (f15.0; a550) (x5),6552
5215346,RD (f13.5; a510; d0.45),5016
5215350,RD (f15.0; a550) (x5),9379
5215362,RD (f13.5; a510; d0.45),5316
5215564,RT (x6),1910
5215565,RT (x6),1499
5215592,RT (x7),74402
5215680,RT (x6),1503
5215705,RD (f13.5; a510; d0.45),5624
5215834,RT (f6.0; a145) (x8),1850
5215961,RD (f13.5; a510; d0.45),5500
5216023,RD (f13.5; a510; d0.45),5534
5216093,RD (f13.5; a510; d0.45),5855
5216147,RD (f15.0; a550) (x5),6200
5216174,RD (f15.0; a550) (x5),7621
5216175,RT (f6.0; a145) (x8),2268
5216424,RD (f13.5; a510; d0.45),33793
5216751,RD (f13.5; a510; d0.45),5258
5216483,RD (f13.5; a510; d0.45),5499
5216554,RD (f13.5; a510; d0.45),5498
5216892,RT (f6.0; a145) (x8),1572
5216591,RT (f6.0; a145) (x8),4022
5216705,RD (f13.5; a510; d0.45),5680
5216789,RD (f13.5; a510; d0.45),5498
5216835,RT (f6.0; a145) (x8),1571
5216889,RT (x6),1770
5217040,RT (x6),1770
5217067,RD (f13.5; a510; d0.45),6748
5217163,RD (f13.5; a510; d0.45),5499
5217222,RD (f13.5; a510; d0.45),5444
5217240,RD (f13.5; a510; d0.45),4977
5217307,RT (x7),1899
5217442,RD (f9.0; a290; d0.6) (x1),5091
5217509,RD (f13.5; a510; d0.45),5516
5217516,RT (f6.0; a145) (x8),1582
5217529,RD (f13.5; a510; d0.45),5499
5217547,RD (f9.0; a290; d0.6) (x1),5091
5217582,RD (f15.0; a550) (x5),5147
5217762,RD (f13.5; a510; d0.45),5499
5217772,RD (f13.5; a510; d0.45),5511
5217797,RD (f13.5; a510; d0.45),5212
5217844,RD (f13.5; a510; d0.45),5499
5217885,RD (f9.0; a290; d0.6) (x1),4642
5217921,RD (f13.5; a510; d0.45),5552
5218030,RD (f13.5; a510; d0.45),5582
5218053,RD (f13.5; a510; d0.45),5534
5218154,RD (f9.0; a290; d0.6) (x1),4643
5218173,RD (f13.5; a510; d0.45),7560
5218387,RD (f13.5; a510; d0.45),5185
5218400,RD (f13.5; a510; d0.45),6561
5218406,RD (f9.0; a290; d0.6) (x1),108
5218476,RT (f6.0; a145) (x8),2021
5218519,RD (f15.0; a550) (x5),9780
5218596,RD (f13.5; a510; d0.45),5522
5218628,RD (f15.0; a550) (x5),7539
5218689,RT (x7),2881
5218692,RD (f13.5; a510; d0.45),5524
5218724,RD (f13.5; a510; d0.45),5633
5218778,RD (f13.5; a510; d0.45),5550
5219039,RD (f13.5; a510; d0.45),6738
5219079,RD (f9.0; a290; d0.6) (x1),4609
5219109,RD (f9.0; a290; d0.6) (x1),4622
5219143,RD (f13.5; a510; d0.45),5769
5219181,RD (f15.0; a550) (x5),6275
5219250,EL 1.0,33439
5219339,RD (f13.5; a510; d0.45),5536
5219343,RT (x7),1551
5219348,RD (f15.0; a550) (x5),9293
5219391,RD (f13.5; a510; d0.45),46320
5219457,RD (f13.5; a510; d0.45),5076
5219493,RD (f13.5; a510; d0.45),9537
5219518,RD (f15.0; a550) (x5),10909
5219537,RD (f13.5; a510; d0.45),6789
5219609,RD (f13.5; a510; d0.45),66135
5219619,RD (f13.5; a510; d0.45),7021
5219673,RD (f15.0; a550) (x5),5472
5219687,RD (f13.5; a510; d0.45),6117
5219710,RD (f15.0; a550) (x5),6003
5219723,RD (f9.0; a290; d0.6) (x1),4953
5219730,RD (f13.5; a510; d0.45),6746
5219774,RT (x7),1
5219871,RD (f15.0; a550) (x5),11404
5220227,OR,130836
5220231,RD (f13.5; a510; d0.45),5570
5220282,RD (f13.5; a510; d0.45),5653
5220321,RD (f13.5; a510; d0.45),5642
5220371,RD (f15.0; a550) (x5),5694
5220509,RD (f13.5; a510; d0.45),7168
5220547,RD (f13.5; a510; d0.45),6824
5220555,RD (f13.5; a510; d0.45),5686
5220649,RD (f13.5; a510; d0.45),5592
5228050,RD (f13.5; a510; d0.45),5988
5230150,RD (f15.0; a550) (x5),6067
5220729,RD (f13.5; a510; d0.45),5499
5220815,RD (f9.0; a290; d0.6) (x1),3913
5220875,RD (f15.0; a550) (x5),6002
5220907,RD (f13.5; a510; d0.45),5717
5220969,RS (f18.0; a665) (x6),3627
5221094,RD (f9.0; a290; d0.6) (x1),4524
5221141,RD (f13.5; a510; d0.45),5529
5221273,RD (f13.5; a510; d0.45),6259
5221288,RD (f15.0; a550) (x5),5908
5221289,RD (f9.0; a290; d0.6) (x1),4849
5221324,RD (f13.5; a510; d0.45),5783
5221382,RD (f13.5; a510; d0.45),5031
5221470,RD (f15.0; a550) (x5),25240
5221490,RD (f13.5; a510; d0.45),8362
5221511,RD (f9.0; a290; d0.6) (x1),4035
5221554,RD (f15.0; a550) (x5),11466
5221584,ON,2495
5221651,RD (f13.5; a510; d0.45),5591
5221687,CR 1.0 (c1.0; r0.0) SS3  (x268),399052
5221789,RD (f15.0; a550) (x5),5902
5221817,RD (f13.5; a510; d0.45),7807
5221971,RD (f9.0; a290; d0.6) (x1),4104
5221980,RD (f13.5; a510; d0.45),9044
5222034,RD (f9.0; a290; d0.6) (x1),4495
5222057,RD (f13.5; a510; d0.45),5417
5222079,RD (f13.5; a510; d0.45),5534
5222180,RD (f9.0; a290; d0.6) (x1),5831
5222296,RD (f13.5; a510; d0.45),5051
5222340,RD (f13.5; a510; d0.45),12474
5222355,RD (f13.5; a510; d0.45),8695
5222356,RD (f13.5; a510; d0.45),5534
5222364,RD (f9.0; a290; d0.6) (x1),4398
5222365,RAC (f24.0; au67.0) (x100),181811
5222547,RD (f15.0; a550) (x5),5562
5222549,RD (f13.5; a510; d0.45),5496
5222551,RD (f9.0; a290; d0.6) (x1),4398
5222556,RD (f15.0; a550) (x5),5306
5222602,RD (f13.5; a510; d0.45),5534
5222756,RD (f13.5; a510; d0.45),5534
5223724,RD (f15.0; a550) (x5),6003
5222777,RD (f13.5; a510; d0.45),5511
5222806,O,6638
5222834,RD (f13.5; a510; d0.45),5440
5222983,RD (f15.0; a550) (x5),9666
5223091,RD (f13.5; a510; d0.45),5501
5223213,E 1.0,65571
5223377,RD (f13.5; a510; d0.45),27007
5223436,RD (f13.5; a510; d0.45),5314
5223462,RD (f13.5; a510; d0.45),5039
5223464,RD (f15.0; a550) (x5),6002
5223533,RD (f13.5; a510; d0.45),6704
5223829,RD (f13.5; a510; d0.45),5077
5223655,RD (f15.0; a550) (x5),11557
5223659,RD (f15.0; a550) (x5),4583
5223662,RD (f9.0; a290; d0.6) (x1),4023
5223911,RA (x13),18991
5223937,RD (f13.5; a510; d0.45),4734
5223963,RD (f15.0; a550) (x5),3885
5224303,RD (f13.5; a510; d0.45),5040
5224314,RD (f15.0; a550) (x5),6006
5224339,RD (f15.0; a550) (x5),5996
5224354,RD (f9.0; a290; d0.6) (x1),3445
5224379,E 1.0,43555
5224391,RD (f15.0; a550) (x5),5997
5224499,RD (f15.0; a550) (x5),6753
5224538,RD (f13.5; a510; d0.45),6236
5224732,RD (f13.5; a510; d0.45),5534
5224652,RD (f15.0; a550) (x5),12696
5224705,RD (f9.0; a290; d0.6) (x1),5250
5224762,RD (f13.5; a510; d0.45),14990
5224765,RD (f13.5; a510; d0.45),5513
5224778,RD (f13.5; a510; d0.45),5534
5224833,E 1.0,42560
5224879,RD (f13.5; a510; d0.45),4987
5225012,RD (f15.0; a550) (x5),2344
5225019,RD (f15.0; a550) (x5),973
5225066,RD (f13.5; a510; d0.45),5514
5225224,RD (f9.0; a290; d0.6) (x1),4362
5225335,RD (f15.0; a550) (x5),7811
5225340,RD (f13.5; a510; d0.45),6133
5225357,RD (f13.5; a510; d0.45),6879
5225780,RD (f13.5; a510; d0.45),5365
5225409,RD (f13.5; a510; d0.45),5040
5225444,RD (f9.0; a290; d0.6) (x1),5129
5225475,RD (f13.5; a510; d0.45),6354
5225520,RD (f13.5; a510; d0.45),5534
5225688,RD (f13.5; a510; d0.45),5039
5225710,RD (f9.0; a290; d0.6) (x1),5654
5225735,RD (f15.0; a550) (x5),12432
5225853,RD (f15.0; a555; d0.45),6890
5225913,RD (f13.5; a510; d0.45),5740
5225923,RD (f9.0; a290; d0.6) (x1),4697
5225975,RD (f15.0; a550) (x5),8224
5226015,RD (f13.5; a510; d0.45),6514
5226049,RD (f9.0; a290; d0.6) (x1),4946
5226425,RM (f21.0; a835; d1.0),9339
5226060,CR 1.0 (c1.0; r0.0) SS3  (x85),204897
5226064,RD (f9.0; a290; d0.6) (x1),3729
5226095,RD (f13.5; a510; d0.45),5534
5226097,RD (f9.0; a290; d0.6) (x1),3547
5226106,RD (f13.5; a510; d0.45),5837
5226216,RD (f9.0; a290; d0.6) (x1),3566
5226240,RD (f15.0; a550) (x5),5223
5226274,RD (f15.0; a555; d0.45),7977
5226294,RD (f15.0; a555; d0.45),8095
5226413,RD (f13.5; a510; d0.45),6369
5226504,RD (f9.0; a290; d0.6) (x1),3729
5226564,RD (f9.0; a290; d0.6) (x1),3729
5226533,RD (f13.5; a510; d0.45),4999
5226638,RD (f15.0; a550) (x5),4991
5226753,RD (f15.0; a550) (x5),2325
5226760,RD (f15.0; a550) (x5),88208
5226769,RD (f13.5; a510; d0.45),6706
5226843,RD (f15.0; a550) (x5),5910
5226877,RD (f13.5; a510; d0.45),5047
5226985,RD (f13.5; a510; d0.45),6705
5227014,RA (x13),23472
5227020,RD (f15.0; a550) (x5),6005
5227177,RD (f13.5; a510; d0.45),5511
5227222,RD (f15.0; a555; d0.45),9350
5227273,RD (f13.5; a510; d0.45),5039
5227469,RD (f15.0; a550) (x5),3001
5227325,E 1.0,30818
5227345,RD (f15.0; a550) (x5),3750
5227361,RD (f13.5; a510; d0.45),5513
5227536,RD (f15.0; a550) (x5),5999
5227526,RD (f15.0; a550) (x5),9961
5227578,RD (f13.5; a510; d0.45),5489
5227645,RD (f15.0; a550) (x5),6192
5227655,RD (f13.5; a510; d0.45),5779
5227673,RD (f13.5; a510; d0.45),6430
5227721,RD (f15.0; a550) (x5),7966
5227786,RD (f15.0; a550) (x5),7965
5227905,RD (f15.0; a555; d0.45),9329
5228063,RD (f15.0; a555; d0.45),12175
5228209,RD (f15.0; a550) (x5),3751
5228217,RD (f13.5; a510; d0.45),7808
5228251,RD (f15.0; a550) (x5),6921
5228282,RD (f13.5; a510; d0.45),8151
5228283,RD (f15.0; a550) (x5),5278
5228291,RD (f13.5; a510; d0.45),5507
5228338,RD (f13.5; a510; d0.45),6062
5228405,RD (f13.5; a510; d0.45),125
5228406,RD (f13.5; a510; d0.45),7197
5228425,RD (f13.5; a510; d0.45),5373
5228457,RD (f15.0; a555; d0.45),9529
5228525,RD (f13.5; a510; d0.45),5039
5228666,RD (f15.0; a550) (x5),5990
5228672,RD (f13.5; a510; d0.45),5629
5228757,RD (f13.5; a510; d0.45),6299
5228909,RD (f13.5; a510; d0.45),5645
5228936,RD (f13.5; a510; d0.45),6125
5229237,RD (f15.0; a550) (x5),4121
5229013,RD (f15.0; a550) (x5),4118
5229068,RD (f13.5; a510; d0.45),5489
5229077,RD (f13.5; a510; d0.45),5734
5229088,RD (f15.0; a550) (x5),8199
5229204,RD (f13.5; a510; d0.45),5039
5229343,RD (f13.5; a510; d0.45),5039
5229480,RA (x13),20711
5229487,RD (f13.5; a510; d0.45),6079
5229593,RD (f13.5; a510; d0.45),5039
5229629,RD (f13.5; a510; d0.45),5959
5229670,RD (f13.5; a510; d0.45),5646
5229703,RD (f15.0; a550) (x5),6725
5229821,RD (f13.5; a510; d0.45),4987
5229896,RD (f9.0; a275) (x674),4522
5229897,RD (f15.0; a550) (x5),5997
5229956,RD (f15.0; a555; d0.45),6720
5230460,RD (f15.0; a550) (x5),58665
5249186,RD (f9.0; a275) (x680),3358
5230170,RD (f15.0; a555; d0.45),5999
5230183,RD (f13.5; a510; d0.45),5631
5230253,RD (f13.5; a510; d0.45),6126
5230340,RD (f15.0; a555; d0.45),5999
5230384,RD (f13.5; a510; d0.45),7914
5230400,RM (u4) (x4),10151
5230429,RD (f15.0; a550) (x5),6066
5230537,RD (f15.0; a550) (x5),5694
5230620,E 1.0,5694
5230657,E 1.0,25319
5230755,RD (f13.5; a510; d0.45),5039
5230915,E 1.0,5692
5231010,RD (f13.5; a510; d0.45),59162
5231019,RD (f13.5; a510; d0.45),5500
5231115,RD (f15.0; a550) (x5),8969
5231371,RD (f13.5; a510; d0.45),7902
5231396,RD (f15.0; a555; d0.45),6644
5231492,RD (f13.5; a510; d0.45),5552
5231590,RD (f13.5; a510; d0.45),6148
5231598,RD (f13.5; a510; d0.45),5039
5231740,RD (f13.5; a510; d0.45),53077
5231784,RS (f18.0; a665) (x6),3990
5231787,RD (f13.5; a510; d0.45),6652
5231820,RD (f13.5; a510; d0.45),6398
5231855,RD (f15.0; a550) (x5),6190
5231938,RD (f13.5; a510; d0.45),5503
5231967,RD (f13.5; a510; d0.45),5670
5231973,RD (f15.0; a550) (x5),5998
5232009,ON,238953
5232079,RD (f13.5; a510; d0.45),14933
5232151,RD (f13.5; a510; d0.45),5039
5232207,RD (f15.0; a550) (x5),6756
5232278,RD (f15.0; a555; d0.45),6825
5232434,RD (f13.5; a510; d0.45),6258
5232485,RD (f13.5; a510; d0.45),8387
5232492,RD (f13.5; a510; d0.45),5503
5232960,RD (f13.5; a510; d0.45),5376
5232980,RS (f18.0; a665) (x6),3599
5233020,RD (f13.5; a510; d0.45),5459
5233178,RD (f13.5; a510; d0.45),10881
5233304,RD (f15.0; a550) (x5),5994
5233354,RD (f13.5; a510; d0.45),7633
5233493,E 1.0,24574
5233524,RD (f13.5; a510; d0.45),5152
5233912,RD (f15.0; a550) (x5),6385
5233920,RD (f13.5; a510; d0.45),5151
5234114,RD (f13.5; a510; d0.45),5151
5234349,RD (f13.5; a510; d0.45),5542
5234368,RD (f15.0; a550) (x5),3264
5234803,E 1.0,130808
5234810,RD (f13.5; a510; d0.45),5151
5235101,E 1.0,23675
5235135,E 1.0,93657
5235622,RD (f13.5; a510; d0.45),5140
5235876,RA (f30.0; a1375) (x220),6096
5236837,RM (u4) (x18),5025
5236987,RM (u4) (x18),6152
5237003,RD (f13.5; a510; d0.45),4999
5237072,RD (f13.5; a510; d0.45),6529
5237370,E 1.0,15845
5237377,RM (u4) (x18),5128
5237570,RD (f13.5; a510; d0.45),6356
5237642,RD (f13.5; a510; d0.45),5593
5237973,RD (f13.5; a510; d0.45),6460
5238228,RM (u4) (x18),5128
5238479,RM (u4) (x18),5130
5238524,E 1.0,17918
5238617,CR 2.0 (c2.0; r1.5) SS3  (x1142),3106
5238849,RM (u4) (x18),5136
5238866,RM (u4) (x18),5128
5238957,RM (u4) (x18),5129
5239006,RS (f18.0; a665) (x6),3598
5239212,RM (u4) (x18),5675
5239350,RM (u4) (x18),5136
5239469,RM (u4) (x18),5184
5239556,OR,31256
5242175,RD (f13.5; a510; d0.45),5367
5239565,RM (u4) (x18),5248
5239688,RM (u4) (x18),5038
5239875,E 1.0,119242
5240243,RM (u4) (x18),5015
5240397,RM (f18.0; a665; u4),5848
5240434,RM (u4) (x18),5366
5240523,RM (u4) (x18),5014
5240550,RD (f13.5; a510; d0.45),11167
5240579,RM (u4) (x18),5135
5241124,RM (u4) (x18),5014
5241358,RM (u4) (x18),5249
5241410,RM (f18.0; a665; u4),4690
5241421,RM (u4) (x18),5300
5241518,RM (u4) (x18),5697
5241575,RM (u4) (x18),5868
5241637,RM (f18.0; a665; u4),3635
5241735,RM (f18.0; a665; u4),3707
5241757,RD (f15.0; a550) (x5),16635
5241850,RM (u4) (x18),5835
5241899,RM (u4) (x18),5127
5242218,RM (u4) (x18),5014
5242324,RM (f18.0; a665; u4),3886
5242576,RM (u4) (x18),5013
5242874,RM (u4) (x18),5014
5242985,RM (u4) (x18),4778
5242999,RM (u4) (x18),5829
5243297,RD (f15.0; a550) (x5),28152
5243667,RM (u4) (x18),5014
5243340,RM (u4) (x18),5013
5243393,RD (f15.0; a550) (x5),6321
5243571,RM (u4) (x18),5014
5243765,RM (f18.0; a665; u4),3605
5243824,RM (f18.0; a665; u4),3559
5243874,RD (f15.0; a550) (x5),7242
5243998,RM (u4) (x18),5013
5244228,RM (u4) (x18),5014
5244462,RD (f15.0; a550) (x5),6653
5244603,E 1.0,119884
5244897,RM (f18.0; a665; u4),3996
5245157,RD (f9.0; a275) (x680),7726
5245412,RM (u4) (x18),3598
5245444,RD (f15.0; a550) (x5),5996
5245667,RM (u4) (x18),3598
5245873,RD (f15.0; a550) (x5),8121
5246088,RM (u4) (x18),3598
5246089,RM (u4) (x18),5014
5246099,RD (f15.0; a550) (x5),7081
5246116,RD (f15.0; a550) (x5),9469
5246187,RD (f9.0; a275) (x680),6950
5246417,RD (f9.0; a275) (x680),3358
5246470,RD (f15.0; a550) (x5),8154
5246584,RD (f15.0; a550) (x5),8278
5246674,RD (f9.0; a275) (x680),3359
5247137,RD (f15.0; a550) (x5),6244
5247501,RD (f12.0; a370),4969
5247530,RD (f15.0; a550) (x5),6248
5247608,RM (f18.0; a665; u4),5227
5247727,RD (f15.0; a550) (x5),10251
5248277,RM (f18.0; a665; u4),5442
5248515,RD (f9.0; a275) (x680),3368
5248532,RD (f15.0; a550) (x5),5851
5248860,RD (f15.0; a550) (x5),6446
5248916,RD (f15.0; a550) (x5),6244
5249112,RD (f15.0; a550) (x5),2760
5249128,RT (au140.0) (x168),2973
5249202,RD (f15.0; a550) (x5),6087
5263960,RD (f12.0; a370; d0.4),5821
5270971,RD (f12.0; a370; d0.4),3898
5249556,CR 1.0 (c1.0; r1.0) SS2,6610
5249643,RD (f15.0; a550) (x5),6238
5249651,RD (f15.0; a550) (x5),6246
5249660,RD (f15.0; a550) (x5),8197
5249892,RD (f15.0; a550) (x5),2747
5250038,RD (f15.0; a550) (x5),6240
5250177,RD (f15.0; a550) (x5),10863
5250353,RD (f15.0; a550) (x5),6007
5250492,RD (f9.0; a275) (x680),3358
5250520,RD (f15.0; a550) (x5),5381
5250561,RD (f9.0; a275) (x680),3367
5250546,RD (f15.0; a550) (x5),3458
5251294,RD (f12.0; a370),4990
5250857,RD (f12.0; a370),5175
5250860,RD (f15.0; a550) (x5),6030
5251388,RD (f12.0; a370),5124
5250986,RD (f15.0; a550) (x5),5994
5251099,RD (f15.0; a550) (x5),4996
5251214,RT (au140.0) (x168),4520
5251237,RD (f15.0; a550) (x5),6241
5251508,RD (f9.0; a275) (x680),3241
5270526,RM (u4) (x18),5249
5251647,RD (f9.0; a275) (x680),3241
5251744,RD (f15.0; a550) (x5),2748
5252159,RT (au140.0) (x168),1773
5252194,RM (u4) (x253),9678
5252445,OR,936
5252452,EL 1.0 (x7),704
5252460,EL 1.0 (x7),160186
5252592,RD (f15.0; a550) (x5),120
5253021,RD (f15.0; a550) (x5),4508
5253110,RD (f12.0; a370; d0.4),4475
5253298,RD (f15.0; a550) (x5),3002
5253473,RD (f15.0; a550) (x5),6237
5253494,RD (f15.0; a550) (x5),6247
5253604,RD (f15.0; a550) (x5),10617
5253730,EH 1.0,377158
5253894,RD (f15.0; a550) (x5),2998
5254149,RD (f15.0; a550) (x5),4197
5254225,RD (f12.0; a370; d0.4),4261
5254655,RD (f15.0; a550) (x5),6243
5254684,RM (f18.0; a665; u4),7755
5255031,RD (f15.0; a550) (x5),6498
5255034,RD (f15.0; a550) (x5),6240
5255045,RD (f15.0; a550) (x5),6246
5255079,RD (f12.0; a370; d0.4),5163
5255217,RM (f18.0; a665; u4),17929
5255257,RD (f12.0; a370; d0.4),4808
5255333,RD (f12.0; a370; d0.4),6774
5255430,RD (f15.0; a550) (x5),6237
5255471,RD (f12.0; a370; d0.4),6753
5255487,RD (f12.0; a370; d0.4),5421
5255589,RD (f15.0; a550) (x5),6975
5255608,RD (f12.0; a370; d0.4),6544
5255623,RM (f18.0; a665; u4),3617
5255853,RD (f15.0; a550) (x5),6244
5256181,RD (f12.0; a370; d0.4),6120
5255951,RD (f15.0; a550) (x5),6240
5256277,EH 1.0,123821
5256341,RM (f18.0; a665; u4),3807
5256577,RD (f15.0; a550) (x5),9354
5256983,RD (f12.0; a370; d0.4),6455
5257144,RM (f18.0; a665; u4),3638
5257187,RM (f18.0; a665; u4),3649
5257641,RD (f12.0; a370; d0.4),6453
5257742,RD (f12.0; a370; d0.4),6737
5257925,RD (f15.0; a550) (x5),5878
5257967,RD (f15.0; a550) (x5),8245
5257980,RD (f12.0; a370; d0.4),6686
5258090,RD (f12.0; a370; d0.4),3236
5263509,RD (f12.0; a370; d0.4),3876
5258555,RD (f12.0; a370; d0.4),3862
5258556,RD (f15.0; a550) (x5),8375
5258581,RD (f12.0; a370; d0.4),5643
5258893,RD (f12.0; a370; d0.4),3225
5258933,E 1.0,221991
5259010,RD (f12.0; a370; d0.4),6475
5259940,RD (f12.0; a370; d0.4),5786
5259506,ON,5816
5260395,RD (f12.0; a370; d0.4),9215
5260410,RD (f12.0; a370; d0.4),8808
5259585,RD (f12.0; a370; d0.4),4369
5260688,RD (f12.0; a370; d0.4),6210
5260346,RD (f12.0; a370; d0.4),6189
5260555,RD (f12.0; a370; d0.4),6013
5260561,RD (f12.0; a370; d0.4),4243
5260986,RD (f12.0; a370; d0.4),8770
5260994,RD (f12.0; a370; d0.4),9110
5261035,UT,73320
5261099,RD (f12.0; a370; d0.4),5708
5261131,RD (f12.0; a370; d0.4),7130
5261239,RD (f12.0; a370; d0.4),6279
5261297,RD (f12.0; a370; d0.4),4317
5261583,RD (f9.0; a275) (x678),2906
5261602,RD (f12.0; a370; d0.4),5784
5261631,RD (f12.0; a370; d0.4),4162
5261651,RD (f9.0; a275) (x678),6230
5261779,RD (f12.0; a370; d0.4),8020
5261785,RD (f12.0; a370; d0.4),3990
5262048,RD (f12.0; a370; d0.4),2255
5262301,UT,14343
5262328,RD (f12.0; a370; d0.4),7056
5262461,RD (f12.0; a370; d0.4),6600
5262665,RD (f12.0; a370; d0.4),2534
5262681,RD (f9.0; a275) (x678),2906
5262923,UT,378192
5263278,RD (f12.0; a370; d0.4),4553
5263525,RD (f12.0; a370; d0.4),1705
5263968,RD (f12.0; a370; d0.4),4384
5264103,RD (f13.5; a510; d0.45),315
5264183,RD (f13.5; a510; d0.45),6278
5264298,RD (f12.0; a370; d0.4),4323
5264381,CR 2.0 (c2.0; r2.0) SS2  (x1168),4225
5264551,RA (d2.5),9799
5264574,RD (f12.0; a370; d0.4),3280
5265262,RD (f12.0; a370; d0.4),3702
5265323,RD (f12.0; a370; d0.4),2246
5264818,E 1.0,215275
5265052,RD (f12.0; a370; d0.4),3120
5265101,RD (f12.0; a370; d0.4),4184
5265241,RD (f12.0; a370; d0.4),2568
5265764,RM (u4) (x253),4279
5265785,RD (a300; d0.4) (x1007),3109
5265837,RD (f12.0; a370; d0.4),3865
5265926,RD (a300; d0.4) (x1007),2200
5265928,E 1.0,31418
5267545,RD (a300; d0.4) (x1007),2240
5266064,RA (d2.0) (x434),11590
5266143,RD (f12.0; a370; d0.4),3793
5266226,EH 1.0,58872
5266607,E 1.0,207906
5266827,RD (f12.0; a370; d0.4),3860
5266958,RD (f12.0; a370; d0.4),2398
5267005,RD (f12.0; a370; d0.4),5094
5267117,RD (f12.0; a370; d0.4),3419
5267322,RD (f12.0; a370; d0.4),3429
5267356,RD (f12.0; a370; d0.4),3860
5267436,RD (f12.0; a370; d0.4),3730
5267485,CR 2.0 (c2.0; r2.0) SS2  (x1168),3163
5267505,EH 1.0,5074
5267854,RD (f12.0; a370; d0.4),8694
5267537,UT,21882
5267587,RD (f12.0; a370; d0.4),3418
5267826,RD (a300; d0.4) (x1007),6852
5268041,RM (u4) (x18),5249
5268088,RD (f12.0; a370; d0.4),5451
5268106,RD (f12.0; a370; d0.4),8535
5268294,RD (f12.0; a370; d0.4),6756
5268894,RD (f12.0; a370; d0.4),5336
5268913,RD (f12.0; a370; d0.4),5525
5269093,CR 2.0 (c2.0; r2.0) SS2  (x794),4459
5269310,E 1.0,84110
5269634,E 1.0,19439
5269787,CR 2.0 (c2.0; r2.0) SS2  (x794),2504
5269852,RD (f12.0; a370; d0.4),5180
5270366,RD (a300; d0.4) (x1007),10321
5270577,RD (a300; d0.4) (x1007),13940
5270597,RD (f13.5; a510; d0.45),23900
5270632,RM (u4) (x18),5249
5270647,RM (u4) (x18),5618
5270754,RM (u4) (x18),5619
5271229,CR 2.0 (c2.0; r2.0) SS2  (x794),2321
5285353,RD (f7.5; a200; d0.4) (x665),4207
5271325,RD (f13.5; a510; d0.45),10908
5271487,CR 2.0 (c2.0; r2.0) SS2  (x794),2340
5271538,RD (f12.0; a370; d0.4),3817
5271660,CR 2.0 (c2.0; r2.0) SS2  (x794),1807
5271745,RM (u4) (x18),5249
5272404,RD (f13.5; a510; d0.45),8690
5272528,RD (f12.0; a370; d0.4),4126
5272575,RM (x475),82056
5272611,RD (f12.0; a370; d0.4),27925
5272742,RD (f12.0; a370; d0.4),4504
5273149,RD (f13.5; a510; d0.45),7698
5273187,RM (u4) (x18),8294
5273350,RD (f12.0; a370; d0.4),3864
5273429,RD (f12.0; a370; d0.4),2145
5273564,RD (f13.5; a510; d0.45),7956
5273665,RD (f13.5; a510; d0.45),25
5273691,RD (f13.5; a510; d0.45),11050
5273705,RD (f12.0; a370; d0.4),3417
5273800,RD (f12.0; a370; d0.4),6141
5273909,RD (f13.5; a510; d0.45),6353
5274634,RD (f13.5; a510; d0.45),6026
5274001,RD (f12.0; a370; d0.4),2891
5274011,RM (x475),3359
5274102,RM (x475),3359
5281374,RD (f13.5; a510; d0.45),7498
5274165,E 1.0,70566
5274378,RD (f13.5; a510; d0.45),6517
5274525,RM (x475),3455
5274729,RD (f12.0; a370; d0.4),3839
5274845,RM (x475),2399
5275115,E 1.0,7782
5275188,EH 1.0,322977
5275191,OR,2607
5275416,RD (f13.5; a510; d0.45),14780
5275442,RD (f13.5; a510; d0.45),7946
5276155,RD (f13.5; a510; d0.45),8341
5276428,RD (f13.5; a510; d0.45),9946
5276479,CR 2.5 (c2.5; r2.5) SS2  (x2572),2055
5276555,RD (f13.5; a510; d0.45),5826
5276556,RD (f13.5; a510; d0.45),8341
5276728,RD (f13.5; a510; d0.45),7514
5277172,RD (f24.0; a1110; d0.45) (x14),9831
5277241,RD (f13.5; a510; d0.45),6738
5277595,RD (f13.5; a510; d0.45),6754
5277709,RD (f13.5; a510; d0.45),5756
5277978,RD (f13.5; a510; d0.45),6771
5278463,RD (f13.5; a510; d0.45),10957
5278159,RD (f13.5; a510; d0.45),7434
5278311,RD (f13.5; a510; d0.45),5850
5278366,RD (f13.5; a510; d0.45),4854
5278414,RD (a300; d0.4) (x1007),2982
5278561,RD (f13.5; a510; d0.45),8291
5279086,RD (f13.5; a510; d0.45),9078
5278764,RD (f24.0; a1110; d0.45) (x14),11993
5278880,RD (f13.5; a510; d0.45),5855
5279249,RD (f13.5; a510; d0.45),5616
5279290,RD (f13.5; a510; d0.45),5979
5279839,RD (f13.5; a510; d0.45),7150
5280946,RD (a300; d0.4) (x1007),1765
5280974,RD (f13.5; a510; d0.45),12825
5280975,RD (f13.5; a510; d0.45),7217
5281272,RD (f13.5; a510; d0.45),15226
5281368,RM (u4) (x20),4544
5282187,RD (f13.5; a510; d0.45),7693
5282253,RM (u4) (x20),6597
5282373,RD (f13.5; a510; d0.45),9496
5282902,RD (f13.5; a510; d0.45),4998
5283119,RD (f13.5; a510; d0.45),4998
5283218,RD (f13.5; a510; d0.45),4998
5283383,RD (f13.5; a510; d0.45),6684
5283633,RD (f13.5; a510; d0.45),10426
5283757,RM (f24.0; au139.0),8997
5285178,RD (f13.5; a510; d0.45),8407
5283926,RD (f13.5; a510; d0.45),10914
5284457,RD (f13.5; a510; d0.45),7097
5284579,RD (f13.5; a510; d0.45),10956
5284605,RD (f24.0; a1110; d0.45) (x14),12606
5284614,RM (f24.0; au139.0),8998
5284958,RD (f13.5; a510; d0.45),6659
5285263,RD (f24.0; a1110; d0.45) (x14),11631
5286292,RD (f13.5; a510; d0.45),9573
5285500,RD (f13.5; a510; d0.45),6528
5285648,RS (f18.0; a665),3599
5286368,E 1.0,43689
5287140,RD (f13.5; a510; d0.45),20338
5287160,E 1.0,58521
5287052,RD (f13.5; a510; d0.45),5834
5288718,RD (f13.5; a510; d0.45),10413
5289240,RD (f13.5; a510; d0.45),6019
5290275,RD (f13.5; a510; d0.45),6845
5294199,RD (f13.5; a510; d0.45),5512
5292033,RAC (f24.0; au116.0) (x102),414
5292230,RD (f13.5; a510; d0.45),6209
5292449,RD (f13.5; a510; d0.45),5512
5292764,RD (f13.5; a510; d0.45),6299
5293251,E 1.0,37955
5294035,RD (f13.5; a510; d0.45),5505
5294237,E 1.0,95552
5294869,RD (f13.5; a510; d0.45),6299
5295607,RD (f13.5; a510; d0.45),6299
5296408,RD (f13.5; a510; d0.45),5511
5297178,RD (f13.5; a510; d0.45),5804
5297534,RD (f13.5; a510; d0.45),5663
5317783,E 1.0,85986
5326251,EO 1.5 (e1.5; o1.5),91883
5273975,RM (x475),2502
5274430,RD (f12.0; a370; d0.4),2802
5274501,RD (f12.0; a370; d0.4),4002
5274949,RD (f12.0; a370; d0.4),3902
5275149,RD (f12.0; a370; d0.4),47903
5275827,CR 2.0 (c2.0; r2.0) SS2  (x1168),1191
5276443,RD (f12.0; a370; d0.4),3750
5277451,OR,91252
5278833,RD (f13.5; a510; d0.45),86917
5278842,RD (f12.0; a370; d0.4),3897
5278284,RD (f12.0; a370; d0.4),3747
5278377,RD (f12.0; a370; d0.4),3996
5278669,RD (f12.0; a370; d0.4),3997
5279136,RD (f13.5; a510; d0.45),4731
5279262,RS (f15.0) (x246),4904
5279545,RS (x245),9875
5279820,RD (f13.5; a510; d0.45),41970
5280665,RD (f13.5; a510; d0.45),4731
5281300,RD (f13.5; a510; d0.45),9747
5281408,RS (f15.0) (x246),3814
5282470,RS (f15.0) (x247),2374
5281459,CR 2.5 (c2.5; r2.5) SS2  (x2572),8719
5281815,RS (f15.0) (x246),2892
5281877,RD (f13.5; a510; d0.45),7097
5282355,RD (f13.5; a510; d0.45),8997
5282693,RD (f13.5; a510; d0.45),60549
5282772,OR,4755
5283126,RS (f15.0) (x247),2537
5283172,RD (f13.5; a510; d0.45),6626
5283289,RD (f13.5; a510; d0.45),5365
5283388,RS (f15.0) (x247),4418
5283641,RD (f13.5; a510; d0.45),6498
5283857,RD (f13.5; a510; d0.45),7427
5284158,RD (f13.5; a510; d0.45),5045
5284381,RD (f13.5; a510; d0.45),21984
5284520,RD (f13.5; a510; d0.45),7516
5284706,RD (f13.5; a510; d0.45),17459
5284911,RD (f13.5; a510; d0.45),6623
5284983,RD (f9.0; a275),3077
5285000,RD (f13.5; a510; d0.45),7632
5285032,RD (f9.0; a275),3077
5285134,RD (f13.5; a510; d0.45),3600
5285187,RD (f9.0; a275),5800
5285306,RD (f13.5; a510; d0.45),3599
5286259,RD (f13.5; a510; d0.45),6602
5286333,RD (f13.5; a510; d0.45),6602
5286413,RD (f13.5; a510; d0.45),3599
5310286,RD (f13.5; a510; d0.45),6090
5285662,RD (f13.5; a510; d0.45),4997
5285735,RD (f13.5; a510; d0.45),6079
5285787,RD (f7.5; a200; d0.4) (x665),2589
5285839,RD (f13.5; a510; d0.45),4999
5285845,RD (f13.5; a510; d0.45),3601
5285964,RD (f13.5; a510; d0.45),4998
5286099,RD (f9.0; a275),4706
5286134,RD (f13.5; a510; d0.45),5011
5286146,RD (f13.5; a510; d0.45),6257
5286753,RD (f13.5; a510; d0.45),5834
5286856,RD (f13.5; a510; d0.45),3599
5287348,RM (u4) (x18),4525
5287627,RD (f13.5; a510; d0.45),6097
5287686,RD (f13.5; a510; d0.45),3598
5287947,RA (x777),2107
5287953,RD (f12.0; a370; d0.4),12292
5288151,RM (u4) (x18),4711
5288488,RA (x777),2719
5288500,I (x66),141
5288514,RD (f13.5; a510; d0.45),5500
5288527,RD (f13.5; a510; d0.45),5453
5288672,RA (x777),3608
5288693,RD (f13.5; a510; d0.45),4550
5288696,RA (x777),2760
5289181,RA (x777),3539
5289318,RA (x777),3007
5289332,RA (x777),2005
5289766,RD (f13.5; a510; d0.45),5501
5289781,RD (f13.5; a510; d0.45),5212
5289805,RA (x777),3483
5290024,RD (f13.5; a510; d0.45),5207
5290121,RD (f13.5; a510; d0.45),5206
5290341,RD (f12.0; a370; d0.4),4970
5290342,RD (f13.5; a510; d0.45) (x24),6389
5290559,RD (f12.0; a370; d0.4),2825
5290612,RD (f21.0; a695; d0.45) (x26),5757
5291082,RD (f12.0; a370; d0.4),94543
5291201,RD (f13.5; a510; d0.45) (x24),4210
5291243,ON,145766
5291360,RD (f13.5; a510; d0.45) (x24),800
5291468,RD (f13.5; a510; d0.45),17020
5291532,RD (f13.5; a510; d0.45) (x24),8604
5291609,RD (f13.5; a510; d0.45) (x24),3224
5291908,RD (f13.5; a510; d0.45),50990
5291985,RD (f13.5; a510; d0.45) (x24),4502
5291998,RA (x777),2044
5292064,RD (f13.5; a510; d0.45),18186
5292804,RD (f21.0; a695; d0.45) (x26),18114
5292936,RD (f13.5; a510; d0.45),5780
5293024,RD (f13.5; a510; d0.45) (x24),18002
5293101,RD (f13.5; a510; d0.45),5514
5293137,RD (f13.5; a510; d0.45),5947
5293149,RD (f13.5; a510; d0.45),22029
5293253,RT (x253),1672
5293348,RD (f12.0; a370; d0.4),4312
5296322,RD (f13.5; a510; d0.45),5489
5293432,RA (x777),3154
5293659,RD (f21.0; a695; d0.45) (x26),14103
5293749,RD (f13.5; a510; d0.45) (x24),4648
5293859,RD (f13.5; a510; d0.45),7307
5293884,RD (f13.5; a510; d0.45) (x24),6954
5294775,RD (f13.5; a510; d0.45),5282
5293923,RT (x253),1315
5293993,RD (f13.5; a510; d0.45),8108
5294321,RT (x253),1313
5294422,RT (x253),1312
5295019,RD (f13.5; a510; d0.45),5304
5295069,RD (f13.5; a510; d0.45),247
5295171,RD (f12.0; a370; d0.4),3150
5295199,RA (x777),1594
5295220,RD (f13.5; a510; d0.45) (x24),6361
5295443,RD (f13.5; a510; d0.45) (x24),3588
5295647,RD (f13.5; a510; d0.45),6738
5295713,RD (f12.0; a370; d0.4),5420
5295758,RD (f13.5; a510; d0.45) (x24),7201
5296025,RD (f12.0; a370; d0.4),3817
5296159,RD (f13.5; a510; d0.45),10590
5296470,RD (f13.5; a510; d0.45),5481
5296495,RD (f13.5; a510; d0.45),3856
5296753,RD (f13.5; a510; d0.45),6207
5296911,RD (f13.5; a510; d0.45),5760
5297162,RD (f13.5; a510; d0.45),6241
5297209,CR 0.5 (c0.5; r0.0) SS3  (x959),20
5297308,ON,7270
5298147,RS (f18.0; a665),3949
5298702,RD (f12.0; a370; d0.4),60232
5298784,RD (f13.5; a510; d0.45),5624
5299058,RD (f13.5; a510; d0.45),5040
5299313,RD (f13.5; a510; d0.45),5564
5299544,RD (f13.5; a510; d0.45),6544
5299630,RD (f13.5; a510; d0.45),5449
5304271,RD (f13.5; a510; d0.45),5954
5304290,CR 0.5 (c0.5; r0.0) SS3  (x1108),140
5299774,RD (f13.5; a510; d0.45),5498
5299959,RD (f12.0; a370; d0.4),4033
5300154,RD (f13.5; a510; d0.45),5040
5300259,RD (f13.5; a510; d0.45),145390
5304785,RD (f13.5; a510; d0.45),5453
5300393,RD (f13.5; a510; d0.45),14834
5300426,RD (f12.0; a370; d0.4),5042
5300729,RD (f13.5; a510; d0.45),5519
5300919,RD (f13.5; a510; d0.45),5609
5301666,RM (f12.0; u4; d0.8) (x252),124
5301000,RD (f13.5; a510; d0.45),5559
5301197,RD (f13.5; a510; d0.45),5518
5301937,RD (f13.5; a510; d0.45),5755
5301291,RA (x445),47347
5302052,RD (f13.5; a510; d0.45),6663
5301383,RD (f12.0; a370; d0.4),4844
5302183,RD (f13.5; a510; d0.45),5542
5301433,RD (f13.5; a510; d0.45),9052
5301629,RD (f13.5; a510; d0.45),5564
5301784,RD (f13.5; a510; d0.45),7679
5301972,RD (f13.5; a510; d0.45),20
5302028,RD (f13.5; a510; d0.45),5449
5302325,RD (f13.5; a510; d0.45),6006
5302341,RD (f13.5; a510; d0.45),21632
5302358,RS (x7),2899
5302545,RD (f13.5; a510; d0.45),5005
5302805,RD (f13.5; a510; d0.45),6450
5302916,RD (f13.5; a510; d0.45),5951
5303197,RD (f13.5; a510; d0.45),5668
5303520,RD (f13.5; a510; d0.45),5724
5303724,RD (f13.5; a510; d0.45),6449
5303984,RD (f13.5; a510; d0.45),7085
5304038,RD (f13.5; a510; d0.45),5616
5304329,RD (f13.5; a510; d0.45),5489
5304387,RD (f13.5; a510; d0.45),5609
5304438,ON,60908
5304470,RD (f13.5; a510; d0.45),5499
5304507,RD (f13.5; a510; d0.45),5831
5304892,RD (f13.5; a510; d0.45),6819
5305343,RD (f13.5; a510; d0.45),5489
5305128,RD (f13.5; a510; d0.45),6224
5305166,RD (f13.5; a510; d0.45),8372
5305203,RD (f13.5; a510; d0.45),5702
5305223,RD (f13.5; a510; d0.45),5682
5305266,RD (f13.5; a510; d0.45),5508
5305277,RD (f13.5; a510; d0.45),5679
5306162,RD (f13.5; a510; d0.45),9940
5306231,RD (f30.0; a2020; d0.45) (x23),44755
5307300,RD (f13.5; a510; d0.45),5560
5307486,RD (f13.5; a510; d0.45),5977
5307562,RD (f13.5; a510; d0.45),1158
5307568,RD (f13.5; a510; d0.45),5938
5307624,RD (f13.5; a510; d0.45),5977
5307647,RD (f13.5; a510; d0.45),7440
5307751,RD (f13.5; a510; d0.45),6741
5307831,RD (f13.5; a510; d0.45),7485
5307839,RD (f13.5; a510; d0.45),6173
5308003,ON,96234
5308449,RD (f13.5; a510; d0.45),5791
5308592,RD (f13.5; a510; d0.45),5747
5308754,RD (f13.5; a510; d0.45),5455
5308783,RD (f13.5; a510; d0.45),5977
5308922,RD (f13.5; a510; d0.45),8343
5308946,RD (f13.5; a510; d0.45),5638
5308947,CR 2.0 (c2.0; r2.0) SS2  (x796),5699
5309252,RM (f12.0; u4; d0.8) (x252),2385
5309519,RD (f13.5; a510; d0.45),6064
5309530,RM (f12.0; u4; d0.8) (x252),2509
5309948,RD (f13.5; a510; d0.45),64942
5310170,RD (f13.5; a510; d0.45),5602
5310199,RD (f13.5; a510; d0.45),6740
5310263,RD (f30.0; a2020; d0.45) (x23),32795
5310323,RD (f13.5; a510; d0.45),5614
5328076,RD (f13.5; a510; d0.45),6547
5310347,RM (f12.0; u4; d0.8) (x252),4211
5310418,RD (f13.5; a510; d0.45),5666
5310421,RD (f13.5; a510; d0.45),5500
5310483,RD (f13.5; a510; d0.45),5965
5310491,RD (f13.5; a510; d0.45),5614
5310502,RD (f13.5; a510; d0.45),6123
5310573,RD (f13.5; a510; d0.45),6120
5310894,RD (f13.5; a510; d0.45),5799
5310918,RM (f12.0; u4; d0.8) (x252),3959
5310983,RD (f13.5; a510; d0.45),6489
5311027,RD (f13.5; a510; d0.45),6321
5311177,RD (f13.5; a510; d0.45),5630
5311207,RD (f13.5; a510; d0.45),5611
5311242,CR 0.5 (c0.5; r0.0) SS3  (x1109),19865
5311277,RD (f30.0; a2020; d0.45) (x23),32733
5311815,ON,3990
5311968,RD (f13.5; a510; d0.45),8148
5312001,RD (f13.5; a510; d0.45),6103
5312235,RD (f13.5; a510; d0.45),5623
5312521,RD (f13.5; a510; d0.45),5511
5312766,RD (f13.5; a510; d0.45),5534
5313201,RD (f13.5; a510; d0.45),5534
5313373,RM (f12.0; u4; d0.8) (x252),3730
5313559,RD (f13.5; a510; d0.45),5499
5313568,RD (f13.5; a510; d0.45),17845
5313722,RD (f13.5; a510; d0.45),8873
5313846,RD (f13.5; a510; d0.45),6165
5313875,RD (f13.5; a510; d0.45),8919
5314235,RD (f13.5; a510; d0.45),7366
5314463,E 1.0,24844
5314470,RD (f13.5; a510; d0.45),5395
5314594,RD (f13.5; a510; d0.45),6107
5314711,RD (f13.5; a510; d0.45),5478
5314836,RD (f13.5; a510; d0.45),5595
5314899,RD (f13.5; a510; d0.45),5511
5314966,RD (f13.5; a510; d0.45),5498
5315242,RD (f13.5; a510; d0.45),9741
5315359,RD (f13.5; a510; d0.45),5918
5315397,RD (f13.5; a510; d0.45),6632
5315422,RD (f13.5; a510; d0.45),5499
5315532,RD (f13.5; a510; d0.45),7506
5315566,RD (f13.5; a510; d0.45),5705
5315600,RD (f13.5; a510; d0.45),6031
5315888,RD (f13.5; a510; d0.45),5511
5315892,RD (f13.5; a510; d0.45),5498
5315947,RD (f13.5; a510; d0.45),6561
5316073,RD (f13.5; a510; d0.45),6237
5316230,E 1.0,21295
5316354,RD (f13.5; a510; d0.45),5989
5316598,RD (f13.5; a510; d0.45),5527
5316794,RM (f12.0; u4; d0.8) (x252),3324
5316801,RD (f13.5; a510; d0.45),5903
5317060,RD (f13.5; a510; d0.45),6050
5317084,RD (f13.5; a510; d0.45),5708
5317263,RD (f13.5; a510; d0.45),7306
5317439,RD (f13.5; a510; d0.45),6786
5317775,RS (f18.0; a665) (x6),240
5318035,RD (f13.5; a510; d0.45),130234
5318084,RD (f13.5; a510; d0.45),6249
5318094,RD (f13.5; a510; d0.45),5491
5318100,RD (f13.5; a510; d0.45),7810
5318177,E 1.0,22620
5318333,RD (f13.5; a510; d0.45),5640
5318372,RD (f13.5; a510; d0.45),6342
5318402,RD (f13.5; a510; d0.45),6198
5318440,RD (f13.5; a510; d0.45),6249
5318544,RM (f12.0; u4; d0.8) (x252),4109
5318553,RD (f13.5; a510; d0.45),5919
5318833,RD (f13.5; a510; d0.45),5672
5318974,RD (f13.5; a510; d0.45) (x52),120
5319001,RD (f13.5; a510; d0.45),7767
5319294,RD (f13.5; a510; d0.45),5498
5319557,RD (f13.5; a510; d0.45),25819
5319676,RD (f13.5; a510; d0.45),5580
5319853,RD (f13.5; a510; d0.45),7663
5319970,RS (f18.0; a665) (x6),3828
5320098,RD (f13.5; a510; d0.45),5513
5320135,OR,19192
5320196,RD (f13.5; a510; d0.45),7499
5320414,RD (f13.5; a510; d0.45),7001
5320462,RD (f13.5; a510; d0.45),5491
5320488,RS (f18.0; a665) (x6),4498
5320732,RD (f13.5; a510; d0.45),6055
5320824,RD (f13.5; a510; d0.45),5682
5320876,RD (f13.5; a510; d0.45),10670
5320893,RM (u4) (x18),13328
5320916,E 1.0,24166
5321004,RD (f13.5; a510; d0.45),5967
5321106,RD (f13.5; a510; d0.45),9292
5321192,RD (f13.5; a510; d0.45),6249
5321636,RD (f13.5; a510; d0.45),229937
5321761,RD (f13.5; a510; d0.45),5537
5321824,RD (f13.5; a510; d0.45),5852
5321833,RD (f13.5; a510; d0.45),6726
5321840,RD (f13.5; a510; d0.45),10114
5321871,RD (f13.5; a510; d0.45),5846
5322382,RD (f13.5; a510; d0.45),5566
5322396,RD (f13.5; a510; d0.45),6308
5322670,RD (f13.5; a510; d0.45),5617
5322743,RD (f13.5; a510; d0.45),3356
5322861,RD (f13.5; a510; d0.45),6099
5322871,RD (f13.5; a510; d0.45),5983
5323003,RD (f13.5; a510; d0.45),5916
5323017,RD (f13.5; a510; d0.45),6116
5323150,RD (f13.5; a510; d0.45),9876
5323272,RD (f13.5; a510; d0.45),7112
5323281,RD (f13.5; a510; d0.45),6462
5323525,RD (f13.5; a510; d0.45),5989
5324021,RD (f13.5; a510; d0.45),6266
5324101,RD (f13.5; a510; d0.45),7268
5324154,RD (f13.5; a510; d0.45),5628
5324194,RD (f13.5; a510; d0.45),6275
5324224,RD (f13.5; a510; d0.45),5749
5324425,RD (f13.5; a510; d0.45),76762
5324542,RD (f13.5; a510; d0.45),5759
5324664,RD (f13.5; a510; d0.45),7287
5324765,RD (f13.5; a510; d0.45),5519
5324810,RD (f13.5; a510; d0.45),5749
5325158,RD (f13.5; a510; d0.45),8100
5325211,RD (f13.5; a510; d0.45),6086
5325400,RD (f13.5; a510; d0.45),6293
5325724,RD (f13.5; a510; d0.45),6249
5325847,RD (f13.5; a510; d0.45),5997
5326001,RD (f13.5; a510; d0.45),6389
5326040,RD (f13.5; a510; d0.45),7410
5326088,RD (f13.5; a510; d0.45),6549
5326200,RD (f13.5; a510; d0.45),5510
5326376,RD (f13.5; a510; d0.45),5406
5326429,RD (f13.5; a510; d0.45),6114
5326449,RM (x25),104053
5326602,RD (f13.5; a510; d0.45),5749
5326635,RD (f13.5; a510; d0.45),6024
5326833,RD (f13.5; a510; d0.45),5666
5326897,RD (f13.5; a510; d0.45),5663
5326906,RD (f13.5; a510; d0.45),7490
5326990,RD (f13.5; a510; d0.45),6544
5326999,RD (f13.5; a510; d0.45),6734
5327224,RD (f13.5; a510; d0.45),5891
5327261,RD (f13.5; a510; d0.45),6390
5327332,RD (f13.5; a510; d0.45),6519
5327606,RD (f13.5; a510; d0.45),5491
5327822,RD (f13.5; a510; d0.45),5831
5327868,RD (f13.5; a510; d0.45),5696
5327885,RD (f13.5; a510; d0.45),6755
5327948,RD (f13.5; a510; d0.45),7139
5327992,RM (u4) (x18),4770
5328077,RD (f13.5; a510; d0.45),6087
5328442,RD (f13.5; a510; d0.45),5999
5328762,RD (f13.5; a510; d0.45),5879
5333363,RD (f13.5; a510; d0.45),7069
5336467,RD (f13.5; a510; d0.45),5511
5352428,RS (f18.0; a665),4196
5354435,RD (f13.5; a510; d0.45),229
5328186,RD (f13.5; a510; d0.45),5994
5328303,RD (f13.5; a510; d0.45),5549
5328498,RD (f13.5; a510; d0.45),5534
5328608,RD (f13.5; a510; d0.45),5774
5329016,RD (f13.5; a510; d0.45),5533
5334618,RM (u4) (x18),3749
5329065,RD (f13.5; a510; d0.45),7250
5331840,RD (f13.5; a510; d0.45),6806
5329157,RD (f13.5; a510; d0.45),5510
5329991,RD (f13.5; a510; d0.45),6298
5329174,RD (f13.5; a510; d0.45),5579
5331981,RD (f13.5; a510; d0.45),5511
5329315,RD (f13.5; a510; d0.45),6096
5329341,RD (f13.5; a510; d0.45),6664
5329599,CL 0.30 (x189),22428
5329612,RD (f13.5; a510; d0.45),5511
5329857,RD (f13.5; a510; d0.45),5572
5330025,RD (f13.5; a510; d0.45),6297
5330045,RD (f13.5; a510; d0.45),6014
5330186,RD (f13.5; a510; d0.45),6802
5330319,RD (f13.5; a510; d0.45),10095
5330522,RD (f13.5; a510; d0.45),6024
5330738,RD (f13.5; a510; d0.45),6250
5331313,RD (f13.5; a510; d0.45),6249
5331435,RAC (f24.0; au73.0; d2.72) (x116),47242
5331468,RD (f13.5; a510; d0.45),6093
5331609,RD (f13.5; a510; d0.45),7280
5331648,RD (f13.5; a510; d0.45),7017
5331806,RD (f13.5; a510; d0.45),5510
5332334,RD (f13.5; a510; d0.45),6018
5332600,RM (u4) (x18),11573
5332610,RD (f13.5; a510; d0.45),6249
5332690,RD (f13.5; a510; d0.45),6306
5332964,RD (f13.5; a510; d0.45),5517
5333237,RD (f13.5; a510; d0.45),7451
5333346,RD (f13.5; a510; d0.45),6007
5333406,RM (u4) (x18),6162
5333915,RD (f13.5; a510; d0.45),5511
5333985,RD (f13.5; a510; d0.45),5999
5334043,RD (f13.5; a510; d0.45),7483
5334148,RM (u4) (x18),3749
5334214,RD (f13.5; a510; d0.45),6066
5334398,RM (u4) (x18),3749
5334425,RD (f13.5; a510; d0.45),6236
5334643,RD (f13.5; a510; d0.45),7463
5334831,RD (f13.5; a510; d0.45),6430
5334972,RD (f13.5; a510; d0.45),5882
5335127,RD (f13.5; a510; d0.45),5998
5335138,RD (f13.5; a510; d0.45),7391
5335163,RD (f13.5; a510; d0.45),6054
5335222,RD (f13.5; a510; d0.45),5519
5335470,RD (f13.5; a510; d0.45),5775
5335720,RD (f13.5; a510; d0.45),6575
5335825,RD (f13.5; a510; d0.45),6602
5336186,RD (f13.5; a510; d0.45),5912
5336517,RD (f13.5; a510; d0.45),6445
5336625,RD (f13.5; a510; d0.45),126758
5336802,RD (f13.5; a510; d0.45),6051
5336853,RA (f24.0; au116.0) (x20),8483
5336914,RM (u4) (x18),4180
5336933,E 1.0 (x105),64030
5337160,RD (f13.5; a510; d0.45),5510
5337648,RD (f13.5; a510; d0.45),6354
5337741,RD (f13.5; a510; d0.45),7167
5337827,RD (f13.5; a510; d0.45),5732
5338375,I,98
5338388,RD (f13.5; a510; d0.45),5499
5338447,RD (f13.5; a510; d0.45),5511
5338778,RD (f13.5; a510; d0.45),5755
5339006,RD (f13.5; a510; d0.45),109170
5339108,RD (f13.5; a510; d0.45),6317
5339497,RD (f13.5; a510; d0.45),5751
5339556,RD (f13.5; a510; d0.45),5499
5339597,RD (f13.5; a510; d0.45),6726
5340244,RM (u4) (x18),4456
5340265,RD (f13.5; a510; d0.45),51475
5340497,RD (f13.5; a510; d0.45),6126
5341162,RD (f13.5; a510; d0.45),5749
5341415,RD (f13.5; a510; d0.45),5577
5341438,RD (f13.5; a510; d0.45),5612
5340869,RD (f13.5; a510; d0.45),5647
5340908,RD (f13.5; a510; d0.45),5777
5341075,RD (f13.5; a510; d0.45),6249
5341585,RD (f13.5; a510; d0.45),5569
5341717,RD (f13.5; a510; d0.45),5499
5341721,RD (f13.5; a510; d0.45),5460
5341782,RD (f13.5; a510; d0.45),6232
5342275,RD (f13.5; a510; d0.45),5749
5342299,RM (u4) (x18),5606
5342641,RD (f13.5; a510; d0.45),7495
5342704,RD (f13.5; a510; d0.45),5749
5343104,RD (f13.5; a510; d0.45),5588
5343160,RM (u4) (x18),4457
5343200,RS (f18.0; a665) (x6),4284
5343475,RS (f18.0; a665) (x6),4493
5343514,RM (u4) (x18),4329
5343602,RD (f13.5; a510; d0.45),7305
5343886,RS (f18.0; a665) (x6),7945
5344324,RD (f13.5; a510; d0.45),5692
5344344,RD (f13.5; a510; d0.45),6576
5344351,RD (f13.5; a510; d0.45),7445
5345376,RD (f13.5; a510; d0.45),12195
5345524,RD (f13.5; a510; d0.45),6066
5345854,RD (f13.5; a510; d0.45),5513
5345955,RD (f13.5; a510; d0.45),5854
5346131,RD (f13.5; a510; d0.45),5732
5346135,RD (f13.5; a510; d0.45),5827
5346136,RD (f13.5; a510; d0.45),6066
5346173,RD (f13.5; a510; d0.45),5979
5346358,RD (f13.5; a510; d0.45),10694
5346605,UT,615580
5346624,RD (f13.5; a510; d0.45),5631
5346704,RD (f13.5; a510; d0.45),6066
5346746,RD (f13.5; a510; d0.45),8767
5347120,RD (f13.5; a510; d0.45),6486
5348105,RM (u4) (x18),3667
5348120,RD (f13.5; a510; d0.45),6337
5348229,RD (f13.5; a510; d0.45),5881
5348560,RD (f13.5; a510; d0.45),7981
5348652,RS (f18.0; a665) (x6),4176
5348740,RD (f13.5; a510; d0.45),7418
5348881,RD (f13.5; a510; d0.45),5640
5349990,RM (u4) (x18),5198
5350021,RD (f13.5; a510; d0.45),6973
5350109,RD (f13.5; a510; d0.45),6748
5350182,RD (f13.5; a510; d0.45),5506
5350585,RD (f13.5; a510; d0.45),5507
5350686,RD (f13.5; a510; d0.45),6793
5350703,RD (f13.5; a510; d0.45),6370
5350839,RD (f13.5; a510; d0.45),7664
5350917,RD (f13.5; a510; d0.45),5547
5351160,RD (f13.5; a510; d0.45),6698
5351801,RD (f13.5; a510; d0.45),5723
5351917,RD (f15.0; a555; d0.45),9698
5351939,RAC (f24.0; au116.0),188
5352078,RD (f13.5; a510; d0.45),5815
5352145,RD (f13.5; a510; d0.45),6041
5352302,RM (u4) (x18),3600
5352733,E 1.0,1378184
5352880,RD (f13.5; a510; d0.45),11742
5353092,E 1.0,32506
5353154,RS (f18.0; a665),3656
5353254,RD (f15.0; a555; d0.45),10733
5353305,RS (f18.0; a665) (x6),3749
5353310,RM (u4) (x18),4379
5353322,RD (f13.5; a510; d0.45),6002
5353468,RD (f15.0; a555; d0.45),10421
5353885,RM (f12.0; u4; d0.8) (x252),3804
5353479,RD (f13.5; a510; d0.45),7403
5353494,RD (f13.5; a510; d0.45),6003
5353989,RD (f13.5; a510; d0.45),5735
5353667,RD (f13.5; a510; d0.45),6008
5353789,RD (f13.5; a510; d0.45),6335
5353822,RD (f13.5; a510; d0.45),5516
5353824,RD (f13.5; a510; d0.45),5515
5353844,RS (f18.0; a665),4905
5353851,RD (f13.5; a510; d0.45),6219
5354110,RA (f24.0; u128; au67.0) (x97),49733
5354195,RD (f13.5; a510; d0.45),6021
5354326,RD (f13.5; a510; d0.45),9271
5356743,RD (f13.5; a510; d0.45),7320
5356784,RD (f13.5; a510; d0.45),7186
5378558,RD (f12.0; a370; d0.4),8227
5354535,RD (f13.5; a510; d0.45),120
5356854,RD (f13.5; a510; d0.45),6174
5354682,RM (f12.0; u4; d0.8) (x252),2609
5354685,RD (f13.5; a510; d0.45),6751
5354901,RD (f13.5; a510; d0.45),5598
5355035,RS (f18.0; a665) (x6),3749
5355217,RD (f13.5; a510; d0.45),6006
5355545,RD (f15.0; a555; d0.45),99182
5355734,RD (f13.5; a510; d0.45),6444
5355745,RD (f13.5; a510; d0.45),6112
5355790,RD (f13.5; a510; d0.45),5960
5356071,RD (f15.0; a555; d0.45),11986
5356388,RD (f13.5; a510; d0.45),6111
5356389,RD (f13.5; a510; d0.45),9247
5356533,RM (u4) (x18),4175
5357312,RD (f13.5; a510; d0.45),5778
5357531,RD (f13.5; a510; d0.45),7494
5357539,RD (f15.0; a555; d0.45),9797
5357958,RM (f12.0; u4; d0.8) (x252),3128
5357959,RD (f15.0; a555; d0.45),10484
5358039,RD (f13.5; a510; d0.45),7014
5358049,RM (f12.0; u4; d0.8) (x252),2001
5358306,RD (f15.0; a555; d0.45),6002
5358337,RD (f15.0; a555; d0.45),8692
5358401,RD (f12.0; a370; d0.4),5034
5358425,RD (f13.5; a510; d0.45),6249
5358709,RD (f15.0; a555; d0.45),8062
5359209,RD (f13.5; a510; d0.45),6766
5359252,RD (f15.0; a555; d0.45),7656
5359283,RD (f15.0; a555; d0.45),6325
5359518,RM (u4) (x18),3999
5359521,RM (u4) (x18),7952
5359569,RD (f15.0; a555; d0.45),6263
5359634,RD (f12.0; a370; d0.4),5468
5359721,RD (f12.0; a370; d0.4),4977
5359827,RD (f13.5; a510; d0.45),7971
5359883,RD (f15.0; a555; d0.45),12483
5359937,RD (f13.5; a510; d0.45),7020
5360033,RS (f18.0; a665),3599
5360125,RD (f13.5; a510; d0.45),5856
5360193,RM (f12.0; u4; d0.8) (x252),2996
5360324,RM (f12.0; u4; d0.8) (x252),2875
5360367,RD (f15.0; a555; d0.45),11815
5360469,E 1.0,9344
5360479,RD (f15.0; a555; d0.45),9589
5360568,RS (f18.0; a550; d0.6),4150
5360880,RD (f15.0; a555; d0.45),6196
5361017,RM (f12.0; u4; d0.8) (x252),3212
5361210,RD (f15.0; a555; d0.45),6000
5361666,RD (f15.0; a555; d0.45),7698
5361680,RD (f15.0; a555; d0.45),9665
5361698,OR,75137
5361783,RS (f18.0; a665),4833
5361930,RD (f13.5; a510; d0.45),5996
5361964,RD (f15.0; a555; d0.45),6324
5362472,RM (f12.0; u4; d0.8) (x252),3322
5362474,RD (f15.0; a555; d0.45),6323
5363144,RM (u4) (x253),2390
5363460,RD (f15.0; a555; d0.45),15624
5363519,RS (f18.0; a550; d0.6),3979
5363687,RM (u4) (x18),4499
5364523,RD (f15.0; a555; d0.45),6215
5363690,ON,117551
5363744,RS (f18.0; a550; d0.6),3861
5363892,RM (f13.5; a785; u6) (x127),5108
5363988,RD (f13.5; a510; d0.45),6367
5364032,RD (f13.5; a510; d0.45),8017
5364527,RD (f15.0; a555; d0.45),8193
5364134,RD (f15.0; a555; d0.45),6325
5364143,RM (u4) (x253),2995
5364227,RD (f15.0; a555; d0.45),6073
5364366,RM (u4) (x18),4499
5364564,RD (f13.5; a510; d0.45),5519
5364685,RD (f15.0; a555; d0.45),5981
5364796,RD (f15.0; a555; d0.45),6325
5364842,RD (f12.0; a370; d0.4),6245
5365238,RD (f15.0; a555; d0.45),5944
5365344,RD (f15.0; a555; d0.45),6009
5365483,RM (f12.0; u4; d0.8) (x252),4506
5365871,RD (f13.5; a510; d0.45),6164
5365968,RS (f18.0; a550; d0.6),3639
5365992,RD (f15.0; a555; d0.45),6380
5366138,RD (f15.0; a555; d0.45),6326
5366291,RD (f15.0; a555; d0.45),39124
5366366,RD (f15.0; a555; d0.45),7023
5367022,RM (f12.0; u4; d0.8) (x252),4189
5366436,RD (f15.0; a555; d0.45),28071
5366479,RM (f12.0; u4; d0.8) (x252),3029
5366623,RD (f30.0; a1390; d0.45),23588
5367488,RD (f12.0; a370; d0.4),7252
5366760,RD (f13.5; a510; d0.45),5499
5366828,RD (f15.0; a555; d0.45),10515
5366977,RD (f12.0; a370; d0.4),6448
5367209,RD (f24.0; a555; d0.45),8398
5367253,RD (f30.0; a1390; d0.45),21345
5367819,RD (f15.0; a555; d0.45),7102
5367967,RD (f15.0; a555; d0.45),10123
5368229,RD (f15.0; a555; d0.45),10799
5368442,RD (f24.0; a555; d0.45),6991
5368549,RM (f12.0; u4; d0.8) (x252),6005
5368618,RD (f30.0; a1390; d0.45),24927
5368641,RD (f13.5; a510; d0.45),6226
5368770,RA (x459),117577
5369028,RA (x96),230033
5369315,RD (f24.0; a555; d0.45),7799
5369447,RM (u4) (x18),4535
5369572,RD (f24.0; a555; d0.45),10357
5369761,RD (f15.0; a555; d0.45),6324
5369981,RD (f12.0; a370; d0.4),5726
5370069,RD (f15.0; a555; d0.45),6324
5370134,RM (u4) (x18),3599
5370232,RM (u4) (x18),3600
5373786,RD (f24.0; a555; d0.45),8693
5370463,RM (u4) (x18),48131
5370572,RD (f15.0; a555; d0.45),6215
5370793,CR 2.0 (c2.0; r2.0) SS2  (x293),12469
5370818,RD (f24.0; a555; d0.45),8398
5370886,RD (f15.0; a555; d0.45),6502
5370934,RM (f12.0; u4; d0.8) (x252),4997
5371550,RD (f24.0; a555; d0.45),8422
5372566,RD (f13.5; a510; d0.45),5999
5371782,RD (f13.5; a510; d0.45),6258
5371893,RM (u4) (x18),4358
5371896,RD (f13.5; a510; d0.45),6187
5371981,RD (f12.0; a370; d0.4),6496
5372081,RD (f24.0; a555; d0.45),9118
5372584,RD (f24.0; a555; d0.45),14501
5373444,RD (f12.0; a370; d0.4),6268
5372642,RD (f24.0; a555; d0.45),8127
5372838,CR 2.0 (c2.0; r2.0) SS2,17570
5372875,RD (f22.5; a1045; d0.45) (x47),53713
5372888,RD (f13.5; a510; d0.45),5999
5373042,RD (f13.5; a510; d0.45),5999
5373153,RS (f18.0; a550; d0.6),3311
5373768,RD (f24.0; a555; d0.45),9598
5373818,RD (f24.0; a555; d0.45),8068
5373843,RD (f30.0; a1390; d0.45),39549
5374194,RD (f12.0; a370; d0.4),6195
5374205,RD (f12.0; a370; d0.4),5163
5374271,RD (f24.0; a555; d0.45),8774
5374315,RD (f24.0; a555; d0.45),17306
5374436,RD (f15.0; a555; d0.45),7544
5374742,RD (f21.0; a835; d0.45) (x32),16335
5375024,RS (f18.0; a550; d0.6),3656
5375245,RD (f24.0; a555; d0.45),7932
5375742,RD (f24.0; a555; d0.45),8098
5375867,ON,1020257
5376598,RD (f19.5; a1345; d0.45),15329
5376835,RD (f24.0; a555; d0.45),8135
5377096,RD (f24.0; a555; d0.45),9520
5377497,RD (f12.0; a370; d0.4),9343
5378007,OC,15723
5378151,RD (f24.0; a555; d0.45),10836
5378430,RD (f24.0; a555; d0.45),11722
5378626,RS (f18.0; a550; d0.6),2837
5402526,RD (f13.5; a510; d0.45),5999
5378831,RD (f24.0; a555; d0.45),7916
5378847,ON,21219
5378861,RD (f24.0; a555; d0.45),11430
5378894,RD (f24.0; a555; d0.45),11622
5378931,RD (f22.5; a1045; d0.45) (x47),67770
5379538,RD (f15.0; a555; d0.45),6444
5380147,OC,11398
5399304,RD (f15.0; a555; d0.45) (x28),9370
5380210,RD (f12.0; a370; d0.4),7460
5380744,RD (f9.0; d0.4) (x1015),4249
5380800,RD (f24.0; a555; d0.45),9598
5381015,RD (f15.0; a555; d0.45),6875
5381115,RD (f9.0; d0.4) (x1015),5046
5381160,RD (f9.0; d0.4) (x1015),78082
5381190,RD (f15.0; a555; d0.45),6725
5381271,RD (f24.0; a555; d0.45),9433
5381330,RD (f9.0; d0.4) (x1015),5258
5381458,RD (f9.0; d0.4) (x1015),5365
5382096,RD (f15.0; a555; d0.45),7653
5382175,RD (f15.0; a555; d0.45) (x28),14382
5382244,RD (f24.0; a555; d0.45),9773
5382541,RD (f13.5; a510; d0.45),154
5382704,RD (f13.5; a510; d0.45),6901
5382707,RD (f12.0; a370; d0.4),6162
5382810,RD (f12.0; a370; d0.4),6164
5382846,RD (f9.0; d0.4) (x1015),3114
5383014,RD (f24.0; a555; d0.45),12414
5383283,OR,49488
5383301,RM (f12.0; u4; d0.8) (x252),2286
5383507,RD (f22.5; a1045; d0.45) (x47),10301
5384052,RD (f24.0; a555; d0.45),11567
5384063,RD (f15.0; a555; d0.45),55895
5384066,RD (f15.0; a555; d0.45),7474
5384601,RD (f24.0; a555; d0.45),10934
5384436,RD (f22.5; a1045; d0.45) (x46),22273
5384817,RD (f9.0; d0.4) (x1015),3875
5384873,RS (f18.0; a550; d0.6),3249
5385080,RD (f22.5; a1045; d0.45) (x46),14999
5386132,RD (f15.0; a555; d0.45),7255
5385160,RD (f9.0; d0.4) (x1015),4109
5385493,RD (f22.5; a1045; d0.45) (x47),14175
5385508,RD (f24.0; a555; d0.45),10217
5385729,RD (f9.0; d0.4) (x1015),3908
5385806,RD (f15.0; a555; d0.45) (x28),10563
5385831,RD (f22.5; a1045; d0.45) (x47),17027
5385977,RD (f13.5; a510; d0.45),14247
5385988,RD (f15.0; a555; d0.45),7082
5386233,RD (f9.0; d0.4) (x1015),4482
5386249,RD (f13.5; a510; d0.45),5498
5386315,RD (f15.0; a555; d0.45),6585
5386435,RD (f12.0; a370; d0.4),4598
5386455,RD (f12.0; a370; d0.4),4025
5386556,RD (f15.0; a555; d0.45),7775
5386600,RS (f18.0; a550; d0.6),3249
5387700,RS (f18.0; a550; d0.6),6532
5387794,RD (f21.0; a835; d0.45) (x32),15155
5387915,RD (f24.0; a555; d0.45),8538
5388057,RD (f15.0; a555; d0.45),9535
5388457,RD (f13.5; a510; d0.45),7799
5388557,RD (f12.0; a370; d0.4),3868
5388766,RD (f21.0; a835; d0.45) (x32),48208
5388807,RD (f24.0; a555; d0.45),170331
5388819,RD (f24.0; a555; d0.45),8131
5388821,RM (f12.0; u4; d0.8) (x252),9392
5388858,RD (f24.0; a555; d0.45),82868
5388889,RS (f18.0; a550; d0.6),2927
5389475,RD (f22.5; a1045; d0.45) (x47),12726
5389651,RD (f13.5; a510; d0.45),7043
5389656,RD (f9.0; d0.4) (x1015),3450
5389858,ON,210519
5390023,RD (f12.0; a370; d0.4),3917
5390275,RD (f21.0; a835; d0.45) (x31),7806
5390344,RD (f12.0; a370; d0.4),142045
5390442,RD (f22.5; a1045; d0.45) (x47),15603
5390768,RD (f9.0; d0.4) (x1015),2576
5392051,RD (f12.0; a370; d0.4),3631
5390838,RD (f12.0; a370; d0.4),3597
5390857,RD (f9.0; d0.4) (x1015),2742
5391369,RD (f24.0; a555; d0.45),9997
5390939,RD (f21.0; a835; d0.45) (x31),7806
5391545,RD (f22.5; a1045; d0.45) (x46),17304
5391619,RD (f21.0; a835; d0.45) (x31),7806
5391634,RD (f13.5; a510; d0.45),6258
5392217,RD (f13.5; a510; d0.45),6313
5392235,RD (f13.5; a510; d0.45),5498
5392625,RD (f9.0; d0.4) (x1015),2874
5392670,RD (f13.5; a510; d0.45),6602
5392742,RD (f13.5; a510; d0.45),6704
5392748,RD (f12.0; a370; d0.4),3136
5392890,RD (f13.5; a510; d0.45),5498
5392925,RD (f12.0; a370; d0.4),3794
5393007,RD (f24.0; a555; d0.45),8768
5393026,RD (f12.0; a370; d0.4),3506
5393082,RD (f13.5; a510; d0.45),7945
5393187,RD (f22.5; a1045; d0.45) (x47),12568
5393315,RD (f13.5; a510; d0.45),5686
5393381,RD (f21.0; a835; d0.45) (x31),10095
5393389,RD (f13.5; a510; d0.45),5499
5393478,RD (f22.5; a1045; d0.45) (x47),12748
5393570,RD (f13.5; a510; d0.45),5628
5393738,RD (f13.5; a510; d0.45),5660
5393775,RD (f13.5; a510; d0.45),5739
5393800,RD (f13.5; a510; d0.45),7198
5393877,RD (f12.0; a370; d0.4),3449
5393884,RD (f13.5; a510; d0.45),5508
5393971,RD (f13.5; a510; d0.45),7193
5394443,RD (f22.5; a1045; d0.45) (x47),9732
5394677,RD (f21.0; a835; d0.45) (x31),7693
5394697,RD (f13.5; a510; d0.45),6149
5394713,RD (f12.0; a370; d0.4),3506
5394757,RD (f12.0; a370; d0.4),5175
5395283,RD (f13.5; a510; d0.45),7194
5395476,RD (f22.5; a1045; d0.45) (x47),10144
5395507,RD (f21.0; a835; d0.45) (x31),6745
5395889,RD (f13.5; a510; d0.45),6069
5395924,RD (f24.0; a555; d0.45),11173
5396023,RD (f22.5; a1045; d0.45) (x46),16882
5396048,RD (f13.5; a510; d0.45),7438
5396681,RD (f12.0; a370; d0.4),3454
5396807,RD (f24.0; a555; d0.45),9755
5396985,RM (f12.0; u4; d0.8) (x252),2971
5397037,RD (f13.5; a510; d0.45),6217
5397183,RD (f13.5; a510; d0.45),7497
5397185,RD (f13.5; a510; d0.45),5499
5397193,RD (f13.5; a510; d0.45),5521
5397263,RM (f12.0; u4; d0.8) (x252),2976
5397385,RD (f13.5; a510; d0.45),7434
5397447,RD (f12.0; a370; d0.4),5317
5397503,RD (f24.0; a555; d0.45),9753
5397708,RD (f13.5; a510; d0.45),7998
5397732,RD (f13.5; a510; d0.45),5749
5397741,RD (f12.0; a370; d0.4),3802
5397914,RD (f13.5; a510; d0.45),5521
5397954,RD (f15.0; a555; d0.45) (x28),9744
5398094,RD (f13.5; a510; d0.45),5521
5398273,RD (f13.5; a510; d0.45),5521
5398304,RD (f13.5; a510; d0.45),5525
5398336,RD (f15.0; a555; d0.45) (x28),9361
5398396,RD (f22.5; a1045; d0.45) (x47),11034
5398454,RD (f13.5; a510; d0.45),8444
5398720,RD (f13.5; a510; d0.45),7572
5398832,RD (f13.5; a510; d0.45),5525
5401093,RD (f13.5; a510; d0.45),10598
5399069,RM (f12.0; u4; d0.8) (x252),2728
5399275,RD (f13.5; a510; d0.45),5748
5399461,RD (f15.0; a555; d0.45) (x28),7376
5399676,RD (f24.0; a555; d0.45),17915
5399733,RD (f13.5; a510; d0.45),7189
5399867,RD (f12.0; a370; d0.4),4499
5399922,RD (f13.5; a510; d0.45),5504
5400004,RD (f13.5; a510; d0.45),37229
5400071,RD (f12.0; a370; d0.4),4380
5400138,RD (f24.0; a555; d0.45),13127
5400421,RD (f13.5; a510; d0.45),5549
5400425,RD (f13.5; a510; d0.45),7514
5401199,RD (f13.5; a510; d0.45),6239
5400588,RD (f13.5; a510; d0.45),5735
5400816,RD (f13.5; a510; d0.45),6066
5400842,RD (f24.0; a555; d0.45),7517
5400895,RD (f15.0; a555; d0.45) (x28),8745
5401001,RD (f13.5; a510; d0.45),5511
5401058,RD (f13.5; a510; d0.45),5511
5401405,RD (f13.5; a510; d0.45),5623
5401483,RD (f13.5; a510; d0.45),5511
5401541,RD (f22.5; a1045; d0.45) (x47),22112
5401565,RD (f24.0; a555; d0.45),7520
5401806,RD (f13.5; a510; d0.45),5696
5402006,RD (f15.0; a555; d0.45) (x28),9058
5402011,RD (f13.5; a510; d0.45),8342
5402129,RD (f13.5; a510; d0.45),56246
5402206,RD (f13.5; a510; d0.45),7358
5402228,RD (f13.5; a510; d0.45),7964
5409969,RM (f12.0; u4; d0.8) (x252),2626
5410480,RD (f24.0; a555; d0.45),10314
5421945,RD (f18.0; a835; d0.45) (x28),9374
5402698,RD (f13.5; a510; d0.45),5741
5402881,RD (f24.0; a555; d0.45),9509
5403133,RD (f15.0; a555; d0.45) (x28),28694
5403141,RD (f13.5; a510; d0.45),5991
5403210,RD (f13.5; a510; d0.45),8076
5403295,RM (f12.0; u4; d0.8) (x252),2727
5403456,RD (f13.5; a510; d0.45),5511
5403555,RD (f13.5; a510; d0.45),5876
5403733,RD (f13.5; a510; d0.45),5517
5404236,RD (f13.5; a510; d0.45),7799
5404529,RD (f15.0; a555; d0.45) (x28),8194
5405216,RD (f13.5; a510; d0.45),5512
5404756,RD (f13.5; a510; d0.45),5748
5404842,RD (f24.0; a555; d0.45),8699
5404897,RD (f13.5; a510; d0.45),5748
5404911,RD (f13.5; a510; d0.45),5512
5405007,RD (f24.0; a555; d0.45),182088
5405300,RD (f15.0; a555; d0.45) (x28),8392
5405352,RD (f13.5; a510; d0.45),5797
5405465,RD (f13.5; a510; d0.45),5568
5405541,RD (f13.5; a510; d0.45),6384
5405553,RD (f13.5; a510; d0.45),8817
5406356,RD (f24.0; a555; d0.45),7774
5405570,RD (f13.5; a510; d0.45),10635
5405634,RD (f13.5; a510; d0.45),5511
5405823,RD (f15.0; a555; d0.45) (x28),10468
5405903,RD (f13.5; a510; d0.45),6752
5405970,RD (f24.0; a555; d0.45),11701
5406204,RD (f13.5; a510; d0.45),5748
5406322,RD (f13.5; a510; d0.45),6102
5406324,RD (f13.5; a510; d0.45),5748
5406446,RD (f13.5; a510; d0.45),5512
5406468,RD (f15.0; a555; d0.45) (x28),10633
5406552,RD (f13.5; a510; d0.45),82004
5406574,CR 2.0 (c2.0; r2.0) SS2,5435
5406614,RD (f24.0; a555; d0.45),10541
5406655,RD (f13.5; a510; d0.45),7699
5406710,RD (f24.0; a555; d0.45),8999
5406786,RD (f13.5; a510; d0.45),6290
5406790,RD (f15.0; a555; d0.45) (x28),6661
5407018,CR 2.0 (c2.0; r2.0) SS2,2020
5407534,RD (f24.0; a555; d0.45),8353
5407642,RM (f12.0; u4; d0.8) (x252),2701
5407771,RD (f13.5; a510; d0.45),8264
5407953,RD (f15.0; a555; d0.45) (x28),10816
5407971,RD (f13.5; a510; d0.45),7654
5408033,RD (f13.5; a510; d0.45),5560
5408035,RD (f13.5; a510; d0.45),5498
5408188,RD (f15.0; a555; d0.45) (x28),9675
5408336,RD (f13.5; a510; d0.45),7600
5408537,RD (f15.0; a555; d0.45) (x28),7031
5408678,RD (f13.5; a510; d0.45),6453
5408703,RD (f15.0; a555; d0.45) (x28),8248
5408813,RD (f24.0; a555; d0.45),10154
5408880,RD (f15.0; a555; d0.45) (x28),13334
5408889,RD (f13.5; a510; d0.45),7100
5408917,RM (f12.0; u4; d0.8) (x252),2518
5408964,RD (f13.5; a510; d0.45),6393
5409146,RD (f13.5; a510; d0.45),8456
5409204,RD (f13.5; a510; d0.45),6348
5409949,RD (f15.0; a555; d0.45) (x28),6438
5409999,RD (f24.0; a555; d0.45),9822
5410047,RD (f15.0; a555; d0.45) (x28),10728
5410165,RS (f18.0; a550; d0.6),3206
5410459,RD (f13.5; a510; d0.45),7566
5410784,RD (f15.0; a555; d0.45) (x28),8395
5410788,RD (f13.5; a510; d0.45),6945
5410814,RD (f15.0; a555; d0.45) (x28),9746
5410895,RD (f13.5; a510; d0.45),10043
5410931,ON,119090
5410986,RD (f13.5; a510; d0.45),7837
5411035,RD (f24.0; a555; d0.45),12128
5411039,RD (f13.5; a510; d0.45),6946
5411061,UT,34530
5411147,RD (f13.5; a510; d0.45),6100
5411467,RD (f15.0; a555; d0.45) (x28),9437
5411551,RD (f15.0; a555; d0.45) (x28),10116
5411563,RD (f13.5; a510; d0.45),6317
5411849,UT,297876
5412289,RD (f13.5; a510; d0.45),6612
5412293,RD (f13.5; a510; d0.45),7176
5412406,RD (f24.0; a555; d0.45),10848
5412409,RD (f13.5; a510; d0.45),5511
5412522,RD (f13.5; a510; d0.45),7720
5412531,RD (f13.5; a510; d0.45),6484
5412648,RD (f13.5; a510; d0.45),6867
5413246,RS (f18.0; a550; d0.6),3007
5413265,RD (f13.5; a510; d0.45),6543
5413654,RD (f13.5; a510; d0.45),6147
5414030,RD (f13.5; a510; d0.45),79364
5414203,RD (f13.5; a510; d0.45),7136
5414286,RD (f24.0; a555; d0.45),10104
5414349,RD (f13.5; a510; d0.45),5511
5414402,RD (f13.5; a510; d0.45),6078
5414485,RD (f24.0; a555; d0.45),9559
5414534,RD (f13.5; a510; d0.45),5511
5414803,RD (f13.5; a510; d0.45),5942
5415003,RD (f13.5; a510; d0.45),6205
5415088,RD (f13.5; a510; d0.45),6080
5415120,RD (f24.0; a555; d0.45),12445
5417666,RD (f21.0; a1040; d0.45) (x45),15322
5415227,RD (f15.0; a555; d0.45) (x28),7920
5415270,E 1.0,6292
5415351,RD (f13.5; a510; d0.45),5510
5415517,RD (f21.0; a1040; d0.45) (x45),18112
5415873,RM (u4) (x18),9742
5415970,RD (f13.5; a510; d0.45),7015
5415998,E 1.0,7513
5416174,RD (f13.5; a510; d0.45),6249
5416199,RD (f30.0; a2700; d0.45) (x27),46337
5416495,RD (f13.5; a510; d0.45),6486
5416524,RD (f13.5; a510; d0.45),6523
5416634,RD (f21.0; a1040; d0.45) (x45),14853
5416766,RD (f13.5; a510; d0.45),28469
5416770,RD (f13.5; a510; d0.45),66
5416834,RD (f13.5; a510; d0.45),6744
5417179,RD (f13.5; a510; d0.45),5511
5417269,RD (f13.5; a510; d0.45),5842
5417377,RD (f13.5; a510; d0.45),5978
5417428,RD (f13.5; a510; d0.45),5499
5417468,RD (f13.5; a510; d0.45),6275
5417604,RD (f21.0; a1040; d0.45) (x45),14848
5417773,RD (f13.5; a510; d0.45),5520
5417845,RD (f13.5; a510; d0.45),6446
5417905,RD (f13.5; a510; d0.45),5565
5418038,RD (f15.0; a555; d0.45) (x28),96034
5418071,RD (f21.0; a1040; d0.45) (x45),16229
5418476,RD (f13.5; a510; d0.45),5839
5418565,RD (f21.0; a1040; d0.45) (x45),193512
5418608,RD (f21.0; a1040; d0.45) (x45),14842
5418693,RD (f13.5; a510; d0.45),6089
5418891,RD (f13.5; a510; d0.45),5827
5419196,RD (f24.0; a555; d0.45),10819
5419594,RD (f13.5; a510; d0.45),5511
5419279,ON,452590
5419317,RD (f13.5; a510; d0.45),5511
5419392,RD (f24.0; a555; d0.45),8056
5419428,RD (f21.0; a1040; d0.45) (x45),13055
5419849,RD (f13.5; a510; d0.45),6390
5419859,RD (f13.5; a510; d0.45),8416
5420129,RD (f15.0; a555; d0.45) (x28),98366
5420349,RD (f13.5; a510; d0.45),14012
5420402,RD (f13.5; a510; d0.45),4993
5420436,RD (f13.5; a510; d0.45),13797
5420607,RD (f15.0; a555; d0.45) (x28),16314
5420614,RD (f13.5; a510; d0.45),2183
5420707,RD (f15.0; a555; d0.45) (x28),6397
5420957,RD (f13.5; a510; d0.45),4999
5421087,RD (f13.5; a510; d0.45),7046
5421331,RD (f13.5; a510; d0.45),5814
5421653,RD (f21.0; a1040; d0.45) (x45),13756
5421675,ON,397
5421710,RD (f13.5; a510; d0.45),5501
5421831,RD (f13.5; a510; d0.45),5749
5422004,RD (f13.5; a510; d0.45),6153
5422103,RD (f15.0; a555; d0.45) (x28),8098
5422032,RD (f13.5; a510; d0.45),7348
5422058,RD (f13.5; a510; d0.45),6999
5422066,RD (f13.5; a510; d0.45),5509
5422217,RD (f15.0; a555; d0.45) (x28),7202
5425305,RD (f13.5; a510; d0.45),5464
5434643,RD (f13.5; a510; d0.45) (x28),9225
5441119,RD (f13.5; a510; d0.45) (x28),9377
5422337,RD (f13.5; a510; d0.45),5998
5422722,RD (f13.5; a510; d0.45),7197
5422885,RD (f15.0; a555; d0.45) (x28),8098
5423041,RD (f21.0; a1040; d0.45) (x45),12568
5423141,RD (f13.5; a510; d0.45),5998
5423171,RD (f13.5; a510; d0.45),7171
5423374,RD (f18.0; a835; d0.45) (x28),10493
5423481,RD (f13.5; a510; d0.45),5998
5423744,RD (f13.5; a510; d0.45),5998
5423812,RD (f15.0; a555; d0.45) (x28),7192
5423901,RD (f13.5; a510; d0.45),5949
5423904,RD (f13.5; a510; d0.45),5943
5424111,RD (f21.0; a1040; d0.45) (x45),14182
5424135,RD (f13.5; a510; d0.45),5998
5424226,RD (f13.5; a510; d0.45),7006
5424248,RD (f13.5; a510; d0.45),5696
5424519,RD (f13.5; a510; d0.45),5466
5424563,RD (f15.0; a555; d0.45) (x28),8662
5424800,RD (f21.0; a1040; d0.45) (x45),11838
5425097,RD (f15.0; a555; d0.45) (x28),7237
5425104,RD (f15.0; a555; d0.45) (x28),9386
5425246,RD (f13.5; a510; d0.45),8944
5425379,RS (f18.0; a665) (x10),2887
5425679,RS (f18.0; a665) (x10),2461
5425944,RD (f13.5; a510; d0.45),6114
5426076,RD (f13.5; a510; d0.45),68382
5426165,RD (f13.5; a510; d0.45),5706
5426169,RD (f21.0; a1040; d0.45) (x45),10266
5426288,RS (f18.0; a665) (x10),2481
5426312,RD (f13.5; a510; d0.45),6989
5426321,RD (f13.5; a510; d0.45),5673
5426483,RD (f13.5; a510; d0.45),13197
5426589,RD (f13.5; a510; d0.45),7080
5426634,RD (f13.5; a510; d0.45),5491
5426734,RD (f15.0; a555; d0.45) (x28),8649
5426780,RD (f21.0; a1040; d0.45) (x45),17725
5426931,RD (f13.5; a510; d0.45),5972
5426950,RD (f13.5; a510; d0.45),5698
5426980,RD (f13.5; a510; d0.45),18412
5427126,RD (f13.5; a510; d0.45),5512
5427460,RD (f15.0; a555; d0.45) (x28),10290
5427481,RD (f13.5; a510; d0.45),6136
5427645,RD (f13.5; a510; d0.45),6133
5427706,RD (f13.5; a510; d0.45),9584
5427746,RD (f13.5; a510; d0.45),5098
5427914,RD (f21.0; a1040; d0.45) (x45),12373
5428191,RD (f13.5; a510; d0.45),7183
5428258,RD (f13.5; a510; d0.45),6958
5428328,RD (f13.5; a510; d0.45),5512
5428337,RD (f15.0; a555; d0.45) (x28),9960
5428592,RS (f18.0; a665) (x10),4636
5428611,RD (f13.5; a510; d0.45),5522
5429027,RD (f21.0; a1040; d0.45) (x45),16377
5429260,RD (f13.5; a510; d0.45),4992
5429344,RD (f13.5; a510; d0.45),5499
5429376,RD (f13.5; a510; d0.45),6575
5429428,RS (f18.0; a665) (x10),2478
5429636,RD (f13.5; a510; d0.45),5100
5429686,RD (f13.5; a510; d0.45),5510
5429698,RD (f15.0; a555; d0.45) (x28),6694
5429735,RS (f18.0; a665) (x10),4593
5429895,RD (f13.5; a510; d0.45),6030
5430219,RS (f18.0; a665) (x10),4139
5430253,RD (f15.0; a555; d0.45) (x28),10183
5430256,RD (f15.0; a555; d0.45) (x28),7336
5430315,RD (f21.0; a1040; d0.45) (x45),26439
5430484,RS (f18.0; a665) (x10),3609
5430624,RD (f15.0; a555; d0.45) (x37),10822
5430696,RD (f13.5; a510; d0.45),6002
5430849,RD (f15.0; a555; d0.45) (x37),7497
5430963,RD (f13.5; a510; d0.45),5295
5430981,RD (f13.5; a510; d0.45),5098
5431148,RT (x67),1414
5431224,RD (f15.0; a555; d0.45) (x37),7491
5431278,RD (f15.0; a555; d0.45) (x28),7949
5431636,RD (f21.0; a1040; d0.45) (x45),12441
5435838,RD (f13.5; a510; d0.45),5778
5432072,RD (f15.0; a555; d0.45) (x28),8941
5432334,RD (f15.0; a555; d0.45) (x28),9199
5432415,RD (f15.0; a555; d0.45) (x28),108315
5432477,RD (f13.5; a510; d0.45),5441
5432526,RD (f15.0; a555; d0.45) (x28),8035
5432647,RD (f21.0; a1040; d0.45) (x45),13446
5432789,RD (f13.5; a510; d0.45),5454
5432806,RD (f13.5; a510; d0.45),5099
5432903,RS (f18.0; a665) (x10),4008
5432938,RT (x67),1192
5432997,RS (f18.0; a665) (x10),4765
5433515,RD (f13.5; a510; d0.45),7411
5433522,RD (f13.5; a510; d0.45),5511
5433025,RS (f18.0; a665) (x10),58291
5433099,RD (f13.5; a510; d0.45),5694
5433712,RD (f13.5; a510; d0.45),5624
5433132,RD (f13.5; a510; d0.45),4994
5433203,RT (x67),1275
5433219,RD (f15.0; a555; d0.45) (x37),7557
5433328,RD (f13.5; a510; d0.45),5099
5433361,RD (f13.5; a510; d0.45),5095
5433587,RD (f13.5; a510; d0.45),5511
5433642,RD (f15.0; a555; d0.45) (x37),7493
5433722,RS (f18.0; a665) (x10),2475
5433735,RD (f13.5; a510; d0.45),5511
5433786,RD (f13.5; a510; d0.45),6097
5433930,RD (f13.5; a510; d0.45),7630
5434012,RT (x67),1272
5434179,RD (f21.0; a1040; d0.45) (x45),11550
5434379,RD (f13.5; a510; d0.45),8320
5434675,RD (f13.5; a510; d0.45),5325
5434929,RD (f13.5; a510; d0.45),8349
5434965,RD (f13.5; a510; d0.45),5086
5435017,RD (f15.0; a555; d0.45) (x37),7167
5435126,RD (f13.5; a510; d0.45),5690
5435345,RD (f15.0; a555; d0.45) (x37),7496
5435505,RD (f15.0; a555; d0.45) (x37),7524
5435507,RD (f13.5; a510; d0.45),5512
5435601,RD (f15.0; a555; d0.45) (x28),7679
5435677,RD (f13.5; a510; d0.45),7091
5435685,RS (f18.0; a665) (x10),2474
5435745,RD (f13.5; a510; d0.45),5524
5435923,RD (f13.5; a510; d0.45) (x28),8253
5435939,RD (f13.5; a510; d0.45),5511
5436168,RD (f13.5; a510; d0.45),6813
5436426,RD (f15.0; a555; d0.45) (x37),8186
5436441,RD (f13.5; a510; d0.45),5576
5436444,RD (f13.5; a510; d0.45),5774
5436555,RD (f13.5; a510; d0.45),7106
5437079,ON,115813
5437179,RD (f13.5; a510; d0.45),6128
5437238,RD (f13.5; a510; d0.45),8361
5437483,RD (f13.5; a510; d0.45),5885
5437765,RD (f13.5; a510; d0.45) (x28),7424
5437778,RD (f15.0; a555; d0.45) (x37),6898
5437897,RD (f13.5; a510; d0.45),5492
5438058,RD (f13.5; a510; d0.45) (x28),7604
5438445,RS (f18.0; a665) (x10),3504
5438542,RD (f15.0; a555; d0.45) (x37),9766
5438617,RD (f13.5; a510; d0.45) (x28),7468
5438723,RS (f18.0; a665) (x10),2607
5438780,RD (f15.0; a555; d0.45) (x28),5950
5438819,RS (f18.0; a665) (x10),2758
5438828,RD (f13.5; a510; d0.45) (x37),5123
5438863,RD (f13.5; a510; d0.45),5503
5438912,RD (f13.5; a510; d0.45),5526
5439069,RD (f15.0; a555; d0.45) (x28),6478
5439102,RD (f13.5; a510; d0.45),6912
5439194,RS (f18.0; a665) (x10),3201
5439246,RD (f15.0; a555; d0.45) (x37),7498
5439355,RT (x311),1325
5439465,RD (f13.5; a510; d0.45),5626
5439914,RD (f15.0; a555; d0.45) (x28),7455
5439581,RS (f18.0; a665) (x10),2825
5440012,RS (f18.0; a665) (x10),2861
5439743,RD (f13.5; a510; d0.45),5782
5439985,RD (f15.0; a555; d0.45) (x37),7557
5440120,RD (f13.5; a510; d0.45) (x37),5271
5440124,RD (f13.5; a510; d0.45),7462
5440194,RD (f13.5; a510; d0.45) (x28),7152
5440289,RS (f18.0; a665) (x10),3351
5440383,RD (f13.5; a510; d0.45),41068
5440461,RD (f13.5; a510; d0.45) (x40),5035
5440509,RS (f18.0; a665) (x10),3202
5441909,RD (f13.5; a510; d0.45) (x40),5271
5448345,RD (f13.5; a510; d0.45),6721
5458748,UT,28471
5441185,RD (f13.5; a510; d0.45),11997
5441305,RD (f13.5; a510; d0.45),5551
5441390,RS (f18.0; a665) (x10),2481
5441576,OR,1070
5441668,RS (f18.0; a665) (x10),2480
5441713,RD (f15.0; a555; d0.45) (x37),13047
5441822,RD (f15.0; a555; d0.45) (x37),4998
5441860,RD (f13.5; a510; d0.45),6400
5442383,RD (f13.5; a510; d0.45),127583
5442560,RS (f18.0; a665) (x10),7052
5443070,RS (f18.0; a665) (x10),3317
5443338,RD (f15.0; a555; d0.45) (x37),5455
5443432,RD (f13.5; a510; d0.45),6745
5443438,RD (f13.5; a510; d0.45),5939
5443458,RD (f13.5; a510; d0.45) (x28),6439
5443577,RM (u4) (x18),8113
5443595,RD (f15.0; a555; d0.45) (x37),7433
5443639,RD (f13.5; a510; d0.45) (x37),5039
5443755,RD (f15.0; a555; d0.45) (x37),5474
5443796,RS (f18.0; a665) (x6),3705
5443894,RD (f12.0; a465; d0.45) (x39),3276
5444184,RD (f13.5; a510; d0.45) (x28),7503
5444271,RD (f13.5; a510; d0.45) (x28),7415
5444321,RD (f12.0; a465; d0.45) (x39),6916
5444349,RD (f15.0; a555; d0.45) (x37),10333
5444363,RD (f13.5; a510; d0.45),5499
5444484,RD (f13.5; a510; d0.45),5759
5444494,RD (f12.0; a465; d0.45) (x39),5544
5444506,RD (f15.0; a555; d0.45) (x37),5845
5444734,RD (f13.5; a510; d0.45) (x37),6720
5446526,RD (f13.5; a510; d0.45),5898
5444786,RD (f15.0; a555; d0.45) (x37),12781
5444840,RD (f13.5; a510; d0.45),5555
5445430,RD (f13.5; a510; d0.45) (x28),7319
5444929,RS (f18.0; a665) (x6),2577
5445035,RD (f13.5; a510; d0.45) (x28),9340
5445107,RD (f15.0; a555; d0.45) (x37),7323
5445157,RD (f12.0; a465; d0.45) (x39),5779
5445219,RD (f13.5; a510; d0.45),6111
5445771,RD (f13.5; a510; d0.45),5549
5445260,RD (f13.5; a510; d0.45) (x28),8432
5445314,RD (f13.5; a510; d0.45) (x28),5199
5445551,RD (f13.5; a510; d0.45),5511
5445637,RD (f15.0; a555; d0.45) (x37),12410
5445675,RD (f15.0; a555; d0.45) (x37),6110
5445722,RD (f13.5; a510; d0.45),5939
5446386,RD (f13.5; a510; d0.45) (x38),465
5445909,RD (f13.5; a510; d0.45),5511
5446023,RS (f18.0; a665) (x6),8144
5446032,RD (f15.0; a555; d0.45) (x37),7409
5446045,RD (f13.5; a510; d0.45) (x37),4212
5446243,RD (f13.5; a510; d0.45),5851
5446250,RD (f15.0; a555; d0.45) (x37),5891
5446297,RD (f12.0; a465; d0.45) (x39),3199
5446435,RD (f15.0; a555; d0.45) (x37),7386
5446738,RD (f15.0; a555; d0.45) (x37),12161
5446962,RD (f15.0; a555; d0.45) (x37),7250
5447042,RD (f13.5; a510; d0.45),5499
5447061,RD (f13.5; a510; d0.45) (x28),7533
5447286,RD (f15.0; a555; d0.45) (x37),7487
5447293,RD (f12.0; a465; d0.45) (x39),3995
5447308,RD (f15.0; a555; d0.45) (x37),7670
5447423,RD (f13.5; a510; d0.45),6916
5447651,RD (f13.5; a510; d0.45),30721
5447663,RS (f18.0; a665) (x10),3799
5447727,RD (f13.5; a510; d0.45),5534
5447767,RD (f13.5; a510; d0.45),9735
5447774,RD (f13.5; a510; d0.45),5510
5447851,RD (f15.0; a555; d0.45) (x37),8792
5448027,RD (f13.5; a510; d0.45) (x28),7914
5448028,RD (f15.0; a555; d0.45) (x37),7885
5448060,RD (f13.5; a510; d0.45) (x28),7251
5448369,RD (f13.5; a510; d0.45),6089
5448095,RD (f13.5; a510; d0.45),5510
5448365,RS (f18.0; a665) (x6),3685
5448389,RD (f13.5; a510; d0.45),5930
5448456,RD (f15.0; a555; d0.45) (x37),7499
5448476,RD (f15.0; a555; d0.45) (x37),7487
5448536,RD (f15.0; a555; d0.45) (x37),9232
5448585,RD (f13.5; a510; d0.45),5534
5448648,RD (f13.5; a510; d0.45),7940
5448678,RD (f13.5; a510; d0.45),6532
5448839,RD (f13.5; a510; d0.45) (x28),7299
5449019,RD (f13.5; a510; d0.45),5511
5449033,RD (f13.5; a510; d0.45) (x37),6000
5449058,RD (f13.5; a510; d0.45) (x38),7567
5449065,RD (f15.0; a555; d0.45) (x37),8289
5449084,RD (f13.5; a510; d0.45) (x37),5668
5449157,RD (f15.0; a555; d0.45) (x37),634
5449249,RD (f13.5; a510; d0.45),6748
5449264,RD (f13.5; a510; d0.45),5534
5449282,RD (f13.5; a510; d0.45) (x37),5524
5449535,RD (f13.5; a510; d0.45) (x37),5700
5449575,RD (f13.5; a510; d0.45) (x28),5013
5449701,RD (f13.5; a510; d0.45) (x28),6985
5449776,RD (f13.5; a510; d0.45),5507
5449875,RD (f13.5; a510; d0.45) (x37),5659
5449911,RD (f13.5; a510; d0.45) (x28),7498
5450072,RD (f13.5; a510; d0.45) (x28),7461
5450453,RD (f13.5; a510; d0.45),5534
5450490,RD (f13.5; a510; d0.45) (x37),5889
5450862,RD (f13.5; a510; d0.45),5511
5450913,RD (f13.5; a510; d0.45) (x38),4323
5450919,RS (f18.0; a665) (x6),5284
5451045,RD (f13.5; a510; d0.45),6748
5451211,RD (f13.5; a510; d0.45),6076
5451498,RD (f13.5; a510; d0.45) (x28),7499
5451622,RD (f13.5; a510; d0.45),8062
5451787,RD (f13.5; a510; d0.45) (x37),5986
5451851,RD (f13.5; a510; d0.45),5537
5451953,RD (f13.5; a510; d0.45) (x37),4657
5451955,RD (f13.5; a510; d0.45),5499
5452089,RD (f13.5; a510; d0.45) (x38),4992
5452202,RD (f13.5; a510; d0.45),5511
5452264,RD (f13.5; a510; d0.45),5498
5452389,RD (f13.5; a510; d0.45) (x28),9240
5452492,RD (f13.5; a510; d0.45) (x38),5419
5452535,RD (f13.5; a510; d0.45),5901
5452917,RD (f13.5; a510; d0.45),7524
5452990,RD (f15.0; a555; d0.45) (x37),4384
5453107,RD (f13.5; a510; d0.45) (x38),20229
5453177,RD (f13.5; a510; d0.45) (x28),8139
5453230,RD (f13.5; a510; d0.45),5503
5453319,RD (f13.5; a510; d0.45),5821
5453633,RD (f13.5; a510; d0.45),13056
5453822,RD (f13.5; a510; d0.45),5496
5453944,RD (f13.5; a510; d0.45) (x37),6829
5454047,RD (f13.5; a510; d0.45),5462
5454064,OR,14462
5454109,RD (f13.5; a510; d0.45) (x37),16256
5454232,RD (f13.5; a510; d0.45) (x37),6724
5454255,RD (f13.5; a510; d0.45) (x28),7619
5454450,RD (f13.5; a510; d0.45) (x38),5419
5454652,RD (f13.5; a510; d0.45),12021
5454662,RD (f13.5; a510; d0.45),5757
5454947,RD (f13.5; a510; d0.45) (x38),5249
5454995,RD (f13.5; a510; d0.45),5522
5455748,RD (f13.5; a510; d0.45),5709
5455296,RD (f15.0; a555; d0.45),1004
5455367,RD (f13.5; a510; d0.45),5511
5456120,RD (f13.5; a510; d0.45),5537
5455474,RD (f13.5; a510; d0.45),5823
5455574,RD (f13.5; a510; d0.45) (x38),5936
5455683,RD (f13.5; a510; d0.45),5712
5455733,RD (f13.5; a510; d0.45) (x38),5964
5456182,RD (f13.5; a510; d0.45),2019
5456278,RD (f13.5; a510; d0.45),7499
5456296,ON,19129
5456534,RD (f13.5; a510; d0.45) (x37),7538
5456565,RD (f13.5; a510; d0.45) (x28),8398
5456594,RD (f13.5; a510; d0.45) (x38),7982
5456688,RD (f13.5; a510; d0.45) (x28),7619
5456717,RD (f15.0; a1800; d0.45) (x37),19532
5456856,RD (f21.0; a510; d0.45) (x44),10900
5456877,RM (u4) (x18),3408
5456950,RD (f13.5; a510; d0.45) (x37),10003
5457077,RD (f21.0; a510; d0.45) (x44),21845
5457102,RD (f13.5; a510; d0.45),6748
5457083,RD (f13.5; a510; d0.45) (x38),5879
5457466,RM (u4) (x18),3713
5457570,RD (f15.0; a1800; d0.45) (x37),19490
5457588,RD (f13.5; a510; d0.45),7499
5457678,RD (f13.5; a510; d0.45),5501
5457821,RD (f13.5; a510; d0.45) (x37),5889
5458273,RD (f13.5; a510; d0.45),2690
5458288,RT (x63),7982
5458532,RT (x63),1914
5458805,RD (f13.5; a510; d0.45),7500
5459166,RD (f13.5; a510; d0.45),7905
5476080,RD (f13.5; a510; d0.45),5407
5458954,RD (f13.5; a510; d0.45),5544
5458992,RD (f13.5; a510; d0.45) (x38),6506
5459114,RD (f15.0; a465; d0.45),4983
5459445,RD (f13.5; a510; d0.45),10729
5459549,RA (f24.0; au139.0),2724
5459683,RD (f13.5; a510; d0.45),7500
5459722,RD (f13.5; a510; d0.45),66
5459771,RD (f13.5; a510; d0.45),10452
5459807,RD (f13.5; a510; d0.45),7500
5459846,RD (f13.5; a510; d0.45) (x38),4085
5460043,RM (f24.0; au67.0) (x92),207888
5460161,RD (f15.0; a465; d0.45),5961
5460164,RD (f13.5; a510; d0.45),5499
5460225,RD (f13.5; a510; d0.45),7967
5460570,RD (f13.5; a510; d0.45),7799
5462610,RD (f15.0; a555; d0.45),13414
5460662,RD (f13.5; a510; d0.45),5858
5460974,RD (f13.5; a510; d0.45) (x38),4403
5460978,RD (f15.0; a465; d0.45),6485
5461033,RD (f13.5; a510; d0.45) (x38),49825
5461267,RT (au270.0) (x66),92850
5461406,RD (f13.5; a510; d0.45),6396
5461440,RD (f15.0; a555; d0.45) (x37),8168
5461456,RD (f13.5; a510; d0.45),5499
5461557,RD (f13.5; a510; d0.45) (x38),4081
5461579,RD (f13.5; a510; d0.45),8603
5461595,RD (f13.5; a510; d0.45),5514
5461718,RD (f13.5; a510; d0.45) (x38),2897
5461938,RD (f13.5; a510; d0.45),5178
5462115,RD (f13.5; a510; d0.45),120143
5462254,RD (f13.5; a510; d0.45),5511
5462348,RD (f13.5; a510; d0.45),7748
5462443,RD (f15.0; a555; d0.45) (x37),6622
5462486,RD (f13.5; a510; d0.45) (x38),2807
5462562,RD (f15.0; a555; d0.45) (x37),17130
5462734,RD (f13.5; a510; d0.45),7737
5462969,RD (f15.0; a555; d0.45) (x37),6251
5463014,RD (f15.0; a555; d0.45) (x37),6542
5463175,RD (f21.0; a510; d0.45) (x44),10975
5463185,RD (f13.5; a510; d0.45),5511
5463194,RD (f13.5; a510; d0.45),5925
5463501,RD (f13.5; a510; d0.45) (x38),2941
5463561,RD (f30.0; a930; d0.45),14206
5463721,RD (f13.5; a510; d0.45),5607
5463887,RD (f15.0; a555; d0.45),9504
5463930,RD (f30.0; a930; d0.45),26290
5464164,RD (f13.5; a510; d0.45),25334
5464191,RS (f18.0; a665) (x6),3987
5464316,RD (f13.5; a510; d0.45) (x38),4796
5464432,RD (f13.5; a510; d0.45),7500
5464459,RD (f21.0; a510; d0.45) (x44),106237
5464941,RS (f18.0; a665) (x6),3986
5464620,RD (f15.0; a555; d0.45) (x37),9651
5464651,RD (f21.0; a510; d0.45) (x44),10987
5464965,RD (f13.5; a510; d0.45),7492
5465076,RD (f15.0; a555; d0.45) (x37),15512
5465224,RD (f13.5; a510; d0.45),5602
5465386,RD (f13.5; a510; d0.45),6072
5466164,RD (f15.0; a555; d0.45) (x37),73930
5465610,RD (f13.5; a510; d0.45),597
5465666,RD (f30.0; a930; d0.45),58202
5465691,RD (f21.0; a510; d0.45) (x44),10988
5466043,RD (f13.5; a510; d0.45) (x21),43900
5466275,E 1.0,191017
5466297,RD (f13.5; a510; d0.45),11039
5466314,RD (f15.0; a555; d0.45) (x37),7268
5466449,RD (f13.5; a510; d0.45),5747
5466646,RD (f13.5; a510; d0.45) (x21),8695
5466817,RD (f13.5; a510; d0.45),5764
5467603,RD (f13.5; a510; d0.45),5511
5467268,RD (f13.5; a510; d0.45),5512
5467336,RD (f13.5; a510; d0.45),27952
5467448,RD (f13.5; a510; d0.45),7846
5467841,RD (f13.5; a510; d0.45),5504
5467979,RD (f15.0; a555; d0.45) (x21),7495
5468033,RD (f15.0; a555; d0.45) (x37),10048
5468336,RS (f18.0; a665) (x6),4112
5468406,RD (f21.0; a510; d0.45) (x44),12951
5468548,RD (f13.5; a510; d0.45),7481
5468616,RD (f13.5; a510; d0.45),5513
5468656,RD (f13.5; a510; d0.45) (x21),7432
5468849,RS (f18.0; a665) (x6),3600
5468989,RD (f13.5; a510; d0.45),7845
5468990,RD (f13.5; a510; d0.45) (x21),7431
5469039,RD (f15.0; a555; d0.45) (x21),7196
5469072,RD (f13.5; a510; d0.45),6016
5469337,RD (f13.5; a510; d0.45),7494
5469348,RD (f13.5; a510; d0.45),5555
5469461,RD (f13.5; a510; d0.45) (x37),6866
5469504,RD (f13.5; a510; d0.45),18978
5469377,RD (f13.5; a510; d0.45) (x21),6021
5469410,RD (f13.5; a510; d0.45),6062
5469424,RD (f13.5; a510; d0.45),5502
5469750,RD (f13.5; a510; d0.45) (x21),7997
5469766,ON,556425
5469778,RD (f13.5; a510; d0.45),5849
5469833,RD (f13.5; a510; d0.45) (x37),6505
5469883,RD (f13.5; a510; d0.45) (x37),8650
5469967,RD (f15.0; a555; d0.45) (x37),5574
5469969,RD (f13.5; a510; d0.45) (x21),13046
5470069,RD (f13.5; a510; d0.45),7495
5470297,RD (f13.5; a510; d0.45) (x21),8942
5470304,RD (f13.5; a510; d0.45) (x21),6449
5470349,RD (f13.5; a510; d0.45),5566
5470353,RS (f18.0; a665) (x6),3566
5470363,RD (f13.5; a510; d0.45) (x21),7426
5470504,RD (f13.5; a510; d0.45),7836
5470575,RD (f13.5; a510; d0.45),5698
5470617,RD (f13.5; a510; d0.45),5499
5470699,RD (f13.5; a510; d0.45),6592
5470784,RD (f13.5; a510; d0.45) (x21),7434
5470854,RD (f13.5; a510; d0.45) (x21),5996
5470874,RD (f13.5; a510; d0.45) (x37),8589
5470957,RD (f13.5; a510; d0.45),5515
5471037,E 1.0,69611
5471113,RD (f13.5; a510; d0.45),5580
5471264,RD (f13.5; a510; d0.45) (x21),5928
5471339,RD (f13.5; a510; d0.45),47592
5471416,RD (f13.5; a510; d0.45),5624
5472224,RD (f13.5; a510; d0.45),7575
5471608,RD (f13.5; a510; d0.45) (x21),5641
5471779,RD (f13.5; a510; d0.45),5523
5471840,RD (f21.0; a510; d0.45) (x44),10995
5471842,RD (f15.0; a555; d0.45) (x37),5999
5471964,RD (f13.5; a510; d0.45),7575
5472012,RD (f13.5; a510; d0.45) (x21),9525
5472022,RD (f13.5; a510; d0.45),5651
5472148,RD (f13.5; a510; d0.45),5744
5472199,RD (f13.5; a510; d0.45),5697
5472239,RD (f15.0; a555; d0.45) (x37),5999
5472553,RD (f13.5; a510; d0.45),5905
5472689,RD (f13.5; a510; d0.45),5624
5472910,RD (f13.5; a510; d0.45) (x21),5312
5473028,RD (f13.5; a510; d0.45) (x21),9530
5473409,RD (f13.5; a510; d0.45) (x21),7523
5473507,RD (f13.5; a510; d0.45) (x21),6933
5473509,RD (f21.0; a510; d0.45) (x44),10981
5474004,RD (f13.5; a510; d0.45) (x21),9352
5474018,RD (f13.5; a510; d0.45),5635
5474249,RD (f13.5; a510; d0.45),5527
5474414,RD (f13.5; a510; d0.45) (x21),9352
5474415,RD (f13.5; a510; d0.45),4996
5474555,RD (f13.5; a510; d0.45) (x21),5004
5474613,RD (f13.5; a510; d0.45) (x37),7489
5474677,RD (f13.5; a510; d0.45) (x21),9096
5474684,RD (f13.5; a510; d0.45),8568
5474707,RD (f13.5; a510; d0.45) (x37),7100
5474840,RD (f13.5; a510; d0.45) (x21),7000
5475013,RD (f13.5; a510; d0.45),153140
5475038,RD (f13.5; a510; d0.45),5550
5475113,RD (f13.5; a510; d0.45),5499
5475229,RD (f13.5; a510; d0.45) (x21),6504
5475263,RD (f13.5; a510; d0.45),17251
5475267,RD (f13.5; a510; d0.45),8342
5475293,RD (f13.5; a510; d0.45) (x21),6485
5475397,RD (f13.5; a510; d0.45),5479
5475503,RD (f13.5; a510; d0.45),17712
5475510,RS (f18.0; a665),4803
5475587,RD (f13.5; a510; d0.45),6412
5475618,RD (f13.5; a510; d0.45),10100
5475630,RD (f13.5; a510; d0.45),5582
5475641,RD (f13.5; a510; d0.45) (x21),5262
5475734,RS (f18.0; a665),4370
5475791,RD (f13.5; a510; d0.45) (x21),222629
5480673,RT (x62),1573
5492115,CR 0.40 (c0.40; r0.0) SS3  (x900),106387
5476281,RD (f13.5; a510; d0.45),5499
5476765,RD (f13.5; a510; d0.45) (x37),4951
5476363,RD (f13.5; a510; d0.45) (x21),11114
5476709,RD (f13.5; a510; d0.45) (x21),8322
5477419,RD (f13.5; a510; d0.45),5787
5476832,RD (f13.5; a510; d0.45),8909
5476836,RD (f13.5; a510; d0.45),5698
5476874,RD (f13.5; a510; d0.45) (x21),9669
5476930,RD (f13.5; a510; d0.45) (x37),7502
5477452,RD (f13.5; a510; d0.45),5078
5477592,RD (f13.5; a510; d0.45),18260
5477724,RD (f13.5; a510; d0.45),6431
5477737,RD (f13.5; a510; d0.45),5091
5477925,RD (f13.5; a510; d0.45),5926
5478079,RD (f13.5; a510; d0.45) (x21),62922
5478144,RD (f13.5; a510; d0.45) (x21),8048
5478180,RD (f13.5; a510; d0.45) (x21),5999
5478195,RD (f13.5; a510; d0.45) (x21),5455
5478400,RD (f13.5; a510; d0.45) (x21),7255
5478421,RD (f13.5; a510; d0.45) (x21),4823
5478482,RD (f13.5; a510; d0.45) (x21),6397
5478522,RD (f13.5; a510; d0.45),5772
5478619,RD (f13.5; a510; d0.45),6572
5478659,RD (f13.5; a510; d0.45) (x21),5835
5478771,RD (f13.5; a510; d0.45),5816
5478855,RD (f13.5; a510; d0.45),6432
5479087,RD (f13.5; a510; d0.45) (x37),7455
5479114,RD (f13.5; a510; d0.45) (x21),50531
5479174,RD (f13.5; a510; d0.45),6926
5479351,RD (f13.5; a510; d0.45),5593
5479372,RD (f13.5; a510; d0.45),5924
5479500,RD (f13.5; a510; d0.45) (x21),7992
5479548,RD (f13.5; a510; d0.45) (x21),7739
5481233,RD (f13.5; a510; d0.45),6030
5479705,RD (f13.5; a510; d0.45),5964
5479756,RD (f13.5; a510; d0.45),5997
5480051,RD (f13.5; a510; d0.45) (x21),5017
5480394,RD (f13.5; a510; d0.45),4999
5480503,RT (x62),1676
5480515,RM (u4) (x18),3601
5480557,RD (f13.5; a510; d0.45) (x21),7920
5480575,RD (f13.5; a510; d0.45) (x21),5683
5480672,RD (f13.5; a510; d0.45),5432
5480712,RD (f13.5; a510; d0.45) (x21),7941
5480759,RD (f13.5; a510; d0.45),5758
5480825,RD (f13.5; a510; d0.45) (x21),7679
5480900,RD (f13.5; a510; d0.45),6844
5480950,RD (f13.5; a510; d0.45),8562
5481013,RD (f13.5; a510; d0.45) (x21),7551
5481054,RT (x62),1763
5481130,RD (f13.5; a510; d0.45) (x21),5235
5481342,RD (f13.5; a510; d0.45),6352
5481412,RD (f13.5; a510; d0.45) (x21),5118
5481545,RD (f13.5; a510; d0.45),5141
5481743,RD (f13.5; a510; d0.45) (x21),8031
5481854,RD (f13.5; a510; d0.45),5445
5482167,RD (f13.5; a510; d0.45) (x21),7997
5482184,RD (f13.5; a510; d0.45),9912
5482242,RD (f13.5; a510; d0.45),5509
5482339,RD (f13.5; a510; d0.45),5499
5482352,RD (f13.5; a510; d0.45) (x21),6324
5482594,RD (f13.5; a510; d0.45) (x21),5345
5482814,RD (f13.5; a510; d0.45) (x21),6804
5482907,RD (f13.5; a510; d0.45) (x37),5418
5483134,RD (f13.5; a510; d0.45),59488
5483173,RD (f13.5; a510; d0.45) (x21),6878
5483218,RD (f13.5; a510; d0.45) (x21),5257
5483226,RD (f13.5; a510; d0.45),10730
5483239,OR,32779
5483256,RD (f13.5; a510; d0.45) (x21),4999
5483261,RD (f13.5; a510; d0.45) (x21),5656
5483327,RD (f13.5; a510; d0.45) (x21),5549
5483350,RD (f13.5; a510; d0.45) (x21),10916
5483376,RD (f13.5; a510; d0.45) (x37),6753
5483416,RD (f13.5; a510; d0.45) (x21),5549
5483443,RD (f13.5; a510; d0.45) (x21),7554
5483523,RD (f13.5; a510; d0.45),8509
5483559,RD (f13.5; a510; d0.45),4999
5483777,RD (f13.5; a510; d0.45) (x21),8460
5483970,RD (f13.5; a510; d0.45) (x21),8385
5484082,RD (f13.5; a510; d0.45),5001
5484084,RD (f13.5; a510; d0.45) (x21),8269
5484239,RD (f13.5; a510; d0.45),9085
5484358,RD (f13.5; a510; d0.45) (x21),12081
5484973,RD (f13.5; a510; d0.45) (x21),8293
5484992,RD (f13.5; a510; d0.45),5894
5484394,RD (f13.5; a510; d0.45) (x21),4783
5484573,RD (f13.5; a510; d0.45),5606
5484623,RD (f13.5; a510; d0.45) (x21),8797
5484955,RD (f13.5; a510; d0.45),5749
5485520,RD (f13.5; a510; d0.45),5877
5485624,RD (f13.5; a510; d0.45) (x21),4999
5485854,RD (f13.5; a510; d0.45) (x21),11738
5485855,RD (f13.5; a510; d0.45) (x21),4999
5485870,RD (f13.5; a510; d0.45) (x21),6270
5485882,RD (f13.5; a510; d0.45) (x21),6419
5486227,RD (f13.5; a510; d0.45) (x21),7994
5486229,RD (f13.5; a510; d0.45) (x21),5332
5486288,RD (f13.5; a510; d0.45) (x21),6142
5486337,RD (f13.5; a510; d0.45),5499
5486390,RD (f13.5; a510; d0.45),5498
5486532,RD (f13.5; a510; d0.45) (x21),6115
5486636,RD (f13.5; a510; d0.45),5498
5486679,RD (f13.5; a510; d0.45) (x21),9031
5486754,RD (f13.5; a510; d0.45) (x21),7467
5486894,RD (f13.5; a510; d0.45),5386
5487026,RD (f13.5; a510; d0.45) (x21),7998
5487161,RD (f13.5; a510; d0.45) (x21),6980
5487174,RD (f13.5; a510; d0.45) (x21),7388
5487236,RD (f13.5; a510; d0.45),5511
5487462,RD (f13.5; a510; d0.45) (x21),7527
5487490,RD (f13.5; a510; d0.45),5512
5487556,RD (f13.5; a510; d0.45),5530
5488409,RD (f13.5; a510; d0.45) (x21),5524
5487796,RD (f13.5; a510; d0.45),5980
5488044,RD (f13.5; a510; d0.45),5498
5488280,RD (f13.5; a510; d0.45) (x21),7840
5488114,RD (f13.5; a510; d0.45),6124
5488212,RD (f13.5; a510; d0.45) (x21),68631
5488344,RD (f13.5; a510; d0.45) (x21),9958
5488427,RD (f13.5; a510; d0.45),5249
5488560,RD (f13.5; a510; d0.45) (x21),5550
5488622,RD (f13.5; a510; d0.45) (x41),5929
5488645,RD (f13.5; a510; d0.45) (x21),4898
5488668,RD (f13.5; a510; d0.45),5465
5488690,RT (x59),2066
5488876,RD (f13.5; a510; d0.45) (x21),4898
5488920,RD (f13.5; a510; d0.45) (x21),5993
5488947,RD (f13.5; a510; d0.45),5180
5488972,RT (x59),1662
5489408,RD (f13.5; a510; d0.45) (x41),5625
5489413,RD (f13.5; a510; d0.45) (x21),9072
5489110,RD (f13.5; a510; d0.45) (x21),4832
5489111,RD (f13.5; a510; d0.45) (x21),5524
5489167,RD (f13.5; a510; d0.45),5718
5489240,RT (x59),3054
5489241,RD (f13.5; a510; d0.45),5842
5489265,RD (f13.5; a510; d0.45) (x21),4872
5489466,RD (f13.5; a510; d0.45) (x21),5074
5489590,RD (f13.5; a510; d0.45) (x21),5524
5489660,RT (x59),2442
5489776,RD (f13.5; a510; d0.45) (x21),5524
5489802,RD (f13.5; a510; d0.45) (x21),5524
5490192,RD (f13.5; a510; d0.45) (x41),66
5489812,RD (f13.5; a510; d0.45),5499
5489820,RA (f24.0; au67.0; d2.16) (x74),78559
5490250,RT (x59),2930
5489871,RD (f13.5; a510; d0.45),13859
5489983,RD (f13.5; a510; d0.45),5499
5490055,RD (f13.5; a510; d0.45) (x21),5540
5490086,RT (x59),1909
5490127,RD (f13.5; a510; d0.45),5499
5490292,RD (f13.5; a510; d0.45),5249
5490444,RT (x59),1939
5490516,RD (f13.5; a510; d0.45) (x21),5561
5490627,RD (f13.5; a510; d0.45) (x21),7980
5490628,RD (f13.5; a510; d0.45) (x21),7898
5490635,RD (f13.5; a510; d0.45) (x41),5623
5490787,RD (f13.5; a510; d0.45),5248
5490796,ON,1402
5491177,RD (f13.5; a510; d0.45) (x21),5619
5491218,RD (f13.5; a510; d0.45) (x21),5550
5491235,RD (f13.5; a510; d0.45) (x21),5468
5491512,RD (f13.5; a510; d0.45) (x41),5621
5491724,RD (f13.5; a510; d0.45),6336
5491745,RD (f13.5; a510; d0.45),11155
5491761,RD (f13.5; a510; d0.45) (x21),9957
5492074,RD (f13.5; a510; d0.45),62641
5493633,RD (f13.5; a510; d0.45) (x21),9827
5501526,RD (f13.5; a510; d0.45),5030
5492138,RD (f13.5; a510; d0.45),6167
5492720,RD (f13.5; a510; d0.45) (x21),6141
5492196,RD (f13.5; a510; d0.45) (x21),5590
5492342,RD (f13.5; a510; d0.45) (x21),7576
5492875,RAC (f24.0; au67.0) (x108),125861
5492565,RD (f13.5; a510; d0.45),7464
5492636,RD (f13.5; a510; d0.45) (x21),9795
5492848,RD (f13.5; a510; d0.45) (x21),5748
5493386,RD (f13.5; a510; d0.45),8480
5493085,RD (f13.5; a510; d0.45) (x21),8463
5493604,RD (f13.5; a510; d0.45) (x21),7351
5493169,RD (f13.5; a510; d0.45) (x21),7951
5493177,RD (f13.5; a510; d0.45) (x21),7475
5493645,RD (f13.5; a510; d0.45) (x21),7895
5493204,RD (f13.5; a510; d0.45) (x21),7275
5493272,RD (f13.5; a510; d0.45) (x21),7928
5493325,RD (f13.5; a510; d0.45),5502
5493397,RD (f13.5; a510; d0.45),7326
5493829,RD (f13.5; a510; d0.45),5249
5493462,RD (f13.5; a510; d0.45) (x21),10142
5493488,RD (f13.5; a510; d0.45) (x21),4049
5493801,RAC (f24.0; au67.0) (x108),89864
5493918,RD (f13.5; a510; d0.45),6515
5493932,RD (f13.5; a510; d0.45) (x21),6497
5494243,RD (f13.5; a510; d0.45),5499
5494272,RD (f13.5; a510; d0.45) (x21),7516
5494284,RD (f13.5; a510; d0.45),9053
5494443,RD (f13.5; a510; d0.45) (x21),7548
5494466,RD (f13.5; a510; d0.45),5992
5494517,RD (f13.5; a510; d0.45) (x21),5540
5494530,RD (f13.5; a510; d0.45),21875
5494622,RD (f13.5; a510; d0.45) (x21),4994
5494816,RD (f13.5; a510; d0.45) (x21),8044
5494893,RD (f13.5; a510; d0.45),7112
5494915,RD (f13.5; a510; d0.45),5498
5494963,RD (f13.5; a510; d0.45),6000
5495011,RD (f13.5; a510; d0.45) (x21),5503
5495016,RD (f13.5; a510; d0.45),11889
5495045,RD (f13.5; a510; d0.45),5624
5495058,RD (f13.5; a510; d0.45) (x21),5662
5495076,RD (f13.5; a510; d0.45),5250
5495283,RD (f13.5; a510; d0.45),5249
5495317,RD (f13.5; a510; d0.45) (x21),7128
5495326,RD (f13.5; a510; d0.45) (x21),141
5495499,RD (f13.5; a510; d0.45),5596
5495524,RD (f13.5; a510; d0.45),6682
5495581,RD (f13.5; a510; d0.45),6224
5495605,RD (f13.5; a510; d0.45) (x21),5490
5495627,RD (f13.5; a510; d0.45),5499
5495646,RD (f13.5; a510; d0.45),5901
5495650,RD (f13.5; a510; d0.45) (x21),6071
5495659,RD (f13.5; a510; d0.45) (x21),4998
5495694,RD (f13.5; a510; d0.45) (x21),4986
5495943,RD (f13.5; a510; d0.45),5670
5495771,RD (f13.5; a510; d0.45) (x21),6083
5495916,RD (f13.5; a510; d0.45),6133
5495953,RD (f13.5; a510; d0.45) (x21),7343
5495960,RD (f13.5; a510; d0.45),5509
5495979,RD (f13.5; a510; d0.45),5500
5495995,RD (f13.5; a510; d0.45) (x21),5151
5496026,RD (f13.5; a510; d0.45),5670
5496096,RD (f13.5; a510; d0.45),5630
5496104,RD (f13.5; a510; d0.45),5512
5496106,RD (f13.5; a510; d0.45),5698
5496174,RD (f13.5; a510; d0.45),9171
5496196,RD (f13.5; a510; d0.45) (x21),4977
5496215,RD (f13.5; a510; d0.45) (x21),5516
5496225,RD (f13.5; a510; d0.45) (x21),7498
5496282,RD (f13.5; a510; d0.45),4982
5496398,RD (f13.5; a510; d0.45),5509
5496560,RD (f13.5; a510; d0.45),5512
5496651,RD (f13.5; a510; d0.45) (x21),62010
5496675,RD (f13.5; a510; d0.45),5498
5496781,RD (f13.5; a510; d0.45),5249
5496784,RD (f13.5; a510; d0.45),5498
5496834,RD (f13.5; a510; d0.45),5501
5496972,RD (f13.5; a510; d0.45) (x21),5718
5497007,RD (f13.5; a510; d0.45),6294
5497015,RD (f13.5; a510; d0.45),5254
5497223,RD (f13.5; a510; d0.45) (x21),4999
5497034,RD (f13.5; a510; d0.45) (x21),9998
5497050,RD (f13.5; a510; d0.45),5499
5497060,RD (f13.5; a510; d0.45) (x21),7497
5497072,RD (f13.5; a510; d0.45),5513
5497100,RD (f13.5; a510; d0.45),5254
5497188,RD (f13.5; a510; d0.45),5499
5497241,RD (f13.5; a510; d0.45) (x21),9993
5497435,RD (f13.5; a510; d0.45) (x21),5170
5497258,RD (f13.5; a510; d0.45) (x21),5071
5497307,RD (f13.5; a510; d0.45),7491
5497323,CR 0.5 (c0.5; r0.0) SS3  (x831),54
5497325,RD (f13.5; a510; d0.45) (x21),5415
5497446,RD (f13.5; a510; d0.45),5499
5497523,RD (f13.5; a510; d0.45),5499
5497544,RD (f13.5; a510; d0.45),6472
5497575,RD (f13.5; a510; d0.45),6360
5497867,RD (f13.5; a510; d0.45) (x21),5005
5497605,RD (f13.5; a510; d0.45),5499
5497659,RD (f13.5; a510; d0.45) (x21),4999
5497673,RD (f13.5; a510; d0.45),8171
5497692,RD (f13.5; a510; d0.45) (x21),1235
5497696,RD (f13.5; a510; d0.45),6601
5497697,RD (f13.5; a510; d0.45),6701
5497739,RD (f13.5; a510; d0.45) (x21),4999
5498707,RD (f13.5; a510; d0.45) (x21),5004
5497741,RD (f13.5; a510; d0.45),6657
5497767,RD (f13.5; a510; d0.45),11655
5498087,RD (f13.5; a510; d0.45) (x21),6110
5498022,RD (f13.5; a510; d0.45) (x21),5153
5498162,RD (f15.0; a555; d0.45),7908
5498220,RD (f13.5; a510; d0.45) (x21),5109
5498275,RD (f13.5; a510; d0.45) (x21),7505
5498305,RD (f13.5; a510; d0.45),5499
5498383,RM (f24.0; au139.0),9996
5498418,RD (f13.5; a510; d0.45),5997
5498450,RD (f13.5; a510; d0.45),5499
5498453,RD (f13.5; a510; d0.45),5496
5498516,RD (f13.5; a510; d0.45),9200
5498523,RD (f13.5; a510; d0.45),6805
5498596,RD (f13.5; a510; d0.45),8013
5498617,RD (f13.5; a510; d0.45),5498
5498634,RD (f15.0; a555; d0.45),6013
5498784,RD (f15.0; a555; d0.45),133363
5498797,RD (f13.5; a510; d0.45) (x21),5185
5498835,RD (f15.0; a555; d0.45),6014
5498877,RD (f13.5; a510; d0.45),8388
5498888,RD (f15.0; a555; d0.45),8315
5498924,RD (f15.0; a555; d0.45),11347
5498949,OR,430904
5498943,RD (f13.5; a510; d0.45) (x21),9099
5499089,RD (f13.5; a510; d0.45) (x21),6663
5499497,RD (f13.5; a510; d0.45) (x21),5005
5499063,RD (f13.5; a510; d0.45) (x21),6772
5499125,RD (f13.5; a510; d0.45) (x21),5091
5499209,RD (f13.5; a510; d0.45) (x21),5028
5499211,RD (f13.5; a510; d0.45) (x21),5035
5499243,RD (f13.5; a510; d0.45) (x21),5094
5499283,RD (f13.5; a510; d0.45) (x21),59050
5499296,RD (f13.5; a510; d0.45) (x21),5042
5499299,RD (f15.0; a555; d0.45),7812
5499340,RD (f13.5; a510; d0.45),8928
5499481,RD (f15.0; a555; d0.45),7247
5499544,RD (f15.0; a555; d0.45),6232
5499550,RD (f13.5; a510; d0.45) (x21),5101
5499561,RD (f13.5; a510; d0.45),6598
5499563,RD (f15.0; a555; d0.45),6007
5499615,CR 2.0 (c2.0; r1.5) SS3,20829
5499632,RD (f13.5; a510; d0.45) (x21),5102
5499654,ON,29541
5499686,RD (f13.5; a510; d0.45),6598
5499711,RD (f13.5; a510; d0.45),5559
5499721,RD (f13.5; a510; d0.45) (x21),5166
5499732,RD (f13.5; a510; d0.45),5089
5499832,RD (f13.5; a510; d0.45),6598
5499850,RT (x54),23873
5500885,RD (f13.5; a510; d0.45),169960
5500082,RD (f13.5; a510; d0.45),7320
5500122,RD (f13.5; a510; d0.45),6393
5500152,RD (f15.0; a555; d0.45),11521
5500207,RD (f13.5; a510; d0.45),6596
5500255,RM (f24.0; au139.0),10011
5500350,CR 1.0 (c1.0; r0.0) SS3  (x877),54
5500358,RD (f13.5; a510; d0.45),5872
5500395,CR 0.5 (c0.5; r0.0) SS3  (x875),49224
5500455,RD (f15.0; a555; d0.45),7798
5500507,RD (f13.5; a510; d0.45),6729
5500510,RM (f24.0; au139.0),7548
5500620,RD (f15.0; a555; d0.45),6441
5500650,CR 1.20 (c1.20; r0.0) SS3  (x876),10303
5500672,RD (f15.0; a555; d0.45),1300
5501279,OG,67943
5500697,RD (f13.5; a510; d0.45),5518
5500992,RD (f15.0; a555; d0.45),5999
5500798,RD (f13.5; a510; d0.45),6004
5500840,RD (f15.0; a555; d0.45),6998
5500906,RD (f15.0; a555; d0.45),5999
5500913,RD (f15.0; a555; d0.45),6057
5500915,RD (f13.5; a510; d0.45),5539
5501050,RD (f15.0; a555; d0.45),6755
5501102,RD (f13.5; a510; d0.45),5306
5501260,RD (f15.0; a555; d0.45),6251
5501286,RD (f15.0; a555; d0.45),6792
5501325,RD (f13.5; a510; d0.45),5792
5501418,RD (f13.5; a510; d0.45),7860
5501423,RD (f15.0; a555; d0.45),7855
5501463,RD (f15.0; a555; d0.45),6599
5501480,RD (f15.0; a555; d0.45),10203
5501554,RD (f13.5; a510; d0.45),5381
5501752,RD (f13.5; a510; d0.45),5519
5437827,RS (f18.0; a550; d0.6),2995
5450540,RD (f13.5; a510; d0.45) (x35),15313
5501615,RD (f13.5; a510; d0.45),11101
5501626,RD (f13.5; a510; d0.45),6863
5501639,RD (f13.5; a510; d0.45),6530
5501657,RD (f15.0; a555; d0.45),6232
5501662,RD (f13.5; a510; d0.45),6048
5501712,RD (f15.0; a555; d0.45),5999
5501725,RD (f13.5; a510; d0.45),6049
5501792,RD (f15.0; a555; d0.45),5999
5501920,RD (f15.0; a555; d0.45),6263
5501962,RM (f24.0; au139.0),8715
5502025,RD (f15.0; a555; d0.45),7763
5502220,RD (f15.0; a555; d0.45),6639
5502531,RD (f15.0; a555; d0.45),8786
5502596,RD (f13.5; a510; d0.45),6601
5502695,RD (f15.0; a555; d0.45),8697
5503145,RD (f13.5; a510; d0.45),7757
5503188,RD (f13.5; a510; d0.45),7427
5398080,RM (f12.0; u4; d0.8) (x252),2268
5398723,RM (f12.0; u4; d0.8) (x252),2545
5399204,RM (f12.0; u4; d0.8) (x252),1427
5399868,RM (f12.0; u4; d0.8) (x252),2412
5400377,RM (f12.0; u4; d0.8) (x252),3217
5400520,RM (f12.0; u4; d0.8) (x252),1302
5402589,RM (f12.0; u4; d0.8) (x252),3562
5402855,RM (f12.0; u4; d0.8) (x252),2998
5427712,RM (f12.0; a370; u4; d0.6) (x123),3769
5403441,RM (f12.0; u4; d0.8) (x252),3012
5404454,RM (f12.0; u4; d0.8) (x252),3336
5405341,RM (f12.0; u4; d0.8) (x252),3665
5405511,RM (f12.0; u4; d0.8) (x252),2907
5405518,CR 2.0 (c2.0; r2.0) SS2,1580
5405740,RM (f12.0; u4; d0.8) (x252),2749
5406510,RM (f12.0; u4; d0.8) (x252),2853
5406735,RM (f12.0; u4; d0.8) (x252),2843
5407111,RM (f12.0; u4; d0.8) (x252),2482
5407334,RM (f12.0; u4; d0.8) (x252),2481
5407563,RM (f12.0; u4; d0.8) (x252),2482
5407622,RM (f12.0; u4; d0.8) (x252),2351
5408063,RM (f12.0; u4; d0.8) (x252),1693
5408745,RM (f12.0; u4; d0.8) (x252),2642
5416728,RM (f12.0; a370; u4; d0.6) (x123),4070
5417049,RM (f12.0; a370; u4; d0.6) (x123),3301
5418332,RS (f18.0; a550; d0.6),4415
5418727,RS (f18.0; a550; d0.6),83922
5418745,RM (f12.0; a370; u4; d0.6) (x123),2762
5418750,RM (f12.0; a370; u4; d0.6) (x123),4028
5419717,RM (f12.0; a370; u4; d0.6) (x123),1867
5419845,RM (f12.0; a370; u4; d0.6) (x123),2762
5420189,RS (f18.0; a550; d0.6),3035
5420977,RM (f12.0; a370; u4; d0.6) (x123),2919
5421066,RS (f18.0; a550; d0.6),3138
5421285,RA (d2.5),11474
5421437,RM (f12.0; a370; u4; d0.6) (x123),1798
5421448,RS (f18.0; a550; d0.6),6380
5422377,RM (f12.0; a370; u4; d0.6) (x123),2762
5422451,RM (f12.0; a370; u4; d0.6) (x123),2737
5423287,RM (f12.0; a370; u4; d0.6) (x123),68729
5423430,RM (f12.0; a370; u4; d0.6) (x123),2762
5423607,RS (f18.0; a550; d0.6),3090
5423810,RM (f12.0; a370; u4; d0.6) (x123),5773
5424871,RM (f12.0; a370; u4; d0.6) (x123),2506
5424882,RA (x461),15700
5425184,RA (d2.5),2190
5425249,RS (f18.0; a550; d0.6),3112
5425349,RM (f12.0; a370; u4; d0.6) (x123),2375
5425445,RM (f12.0; a370; u4; d0.6) (x123),5353
5425639,RM (f12.0; a370; u4; d0.6) (x123),2765
5427099,RS (f18.0; a550; d0.6),3338
5425863,RM (f12.0; a370; u4; d0.6) (x123),1856
5430377,RS (f18.0; a550; d0.6),2987
5425910,RM (f12.0; a370; u4; d0.6) (x123),1852
5426247,RS (f18.0; a550; d0.6),7016
5432138,RD (f13.5; a510; d0.45) (x35),20515
5425946,RS (f18.0; a550; d0.6),3079
5426296,RS (f18.0; a550; d0.6),3000
5426514,RM (f12.0; a370; u4; d0.6) (x123),2763
5427243,RM (f12.0; a370; u4; d0.6) (x123),2522
5428739,RM (f12.0; a370; u4; d0.6) (x123),3064
5427259,RM (f12.0; a370; u4; d0.6) (x123),2763
5427857,RS (f18.0; a550; d0.6),3318
5427953,RM (f12.0; a370; u4; d0.6) (x123),3313
5428122,RM (f12.0; a370; u4; d0.6) (x123),3749
5428272,RS (f18.0; a550; d0.6),3000
5428332,RS (f18.0; a550; d0.6),3006
5428452,RM (f12.0; a370; u4; d0.6) (x123),2498
5428493,RM (f12.0; a370; u4; d0.6) (x123),2765
5430005,RM (f12.0; a370; u4; d0.6) (x123),2507
5430052,RM (f12.0; a370; u4; d0.6) (x123),1796
5430181,RM (f12.0; a370; u4; d0.6) (x123),2076
5431097,RM (f12.0; a370; u4; d0.6) (x123),2226
5431392,RS (f18.0; a550; d0.6),2979
5431665,RS (f18.0; a550; d0.6),2976
5431738,RS (f18.0; a550; d0.6),4353
5432493,RM (f12.0; a370; u4; d0.6) (x123),228
5433353,RD (f13.5; a510; d0.45) (x35),4841
5433417,RS (f18.0; a550; d0.6),2997
5433830,RD (f13.5; a510; d0.45) (x35),6132
5435523,RM (f12.0; a370; u4; d0.6) (x123),2756
5436293,RS (f18.0; a550; d0.6),3003
5436304,RD (f13.5; a510; d0.45) (x35),5746
5436521,RS (f18.0; a550; d0.6),41397
5438145,RD (f12.0; a370; d0.4),3415
5437123,RS (f18.0; a550; d0.6),3003
5437424,RM (f12.0; a370; u4; d0.6) (x123),2497
5437844,RM (f12.0; a370; u4; d0.6) (x123),3254
5438216,RM (f12.0; a370; u4; d0.6) (x123),3810
5438902,RD (f12.0; a370; d0.4),3428
5438947,RD (f13.5; a510; d0.45) (x35),4225
5439091,RS (f18.0; a550; d0.6),4029
5439097,RD (f13.5; a510; d0.45) (x35),5480
5439253,RD (f13.5; a510; d0.45) (x35),4619
5439897,RS (f18.0; a550; d0.6),52495
5439978,RD (f12.0; a370; d0.4),13897
5440157,RD (f12.0; a370; d0.4),625
5440415,RS (f18.0; a550; d0.6),4043
5440577,RM (f12.0; a370; u4; d0.6) (x123),3479
5440638,RS (f18.0; a550; d0.6),3018
5440664,RD (f13.5; a510; d0.45) (x35),4555
5441010,RD (f13.5; a510; d0.45) (x35),3850
5441450,RD (f12.0; a370; d0.4),3899
5441677,RD (f12.0; a370; d0.4),5252
5442033,RD (f12.0; a370; d0.4),4887
5442159,RS (f18.0; a550; d0.6),2999
5442277,RD (f13.5; a510; d0.45) (x35),5087
5442804,RD (f12.0; a370; d0.4),128
5442934,RD (f12.0; a370; d0.4),5144
5442967,RD (f13.5; a510; d0.45) (x35),5017
5443974,RD (f12.0; a370; d0.4),5439
5443096,RD (f13.5; a510; d0.45) (x35),6806
5444972,RD (f13.5; a510; d0.45) (x35),3647
5443319,RD (d0.4) (x1209),7640
5443416,RD (f13.5; a510; d0.45) (x35),4156
5443703,RD (f13.5; a510; d0.45) (x35),3604
5444609,RD (f12.0; a370; d0.4),5835
5444926,RD (f12.0; a370; d0.4),5763
5445346,RD (f13.5; a510; d0.45) (x35),3812
5445397,RD (f13.5; a510; d0.45) (x35),3387
5445583,RD (f13.5; a510; d0.45) (x35),151616
5445897,RD (f13.5; a510; d0.45) (x35),4159
5446124,RD (f13.5; a510; d0.45) (x35),3777
5449839,RD (f13.5; a510; d0.45) (x35),5413
5446708,RD (d0.4) (x1209),4437
5446926,RD (f13.5; a510; d0.45) (x35),3771
5447129,RD (f12.0; a370; d0.4),3122
5447505,RD (f12.0; a370; d0.4),30677
5447780,RD (d0.4) (x1209),90
5448430,RD (d0.4) (x1210),5024
5448530,RD (f13.5; a510; d0.45) (x35),4499
5448659,RD (f12.0; a370; d0.4),4582
5448786,RD (f13.5; a510; d0.45) (x35),14421
5448895,RD (f13.5; a510; d0.45) (x35),5001
5448915,RD (f12.0; a370; d0.4),3125
5449459,RD (f12.0; a370; d0.4),4243
5449550,RD (f13.5; a510; d0.45) (x35),5419
5450196,RD (f12.0; a370; d0.4),1923
5450249,RD (f13.5; a510; d0.45) (x35),5380
5450549,RD (f13.5; a510; d0.45) (x35),5933
5450767,RD (f13.5; a510; d0.45) (x35),6483
5450848,RD (d0.4) (x1209),12507
5450861,RD (f13.5; a510; d0.45) (x35),5244
5450909,RD (d0.4) (x1210),5494
5451129,RD (f12.0; a370; d0.4),1996
5452576,RD (f12.0; a370; d0.4),2199
5451639,RD (f13.5; a510; d0.45) (x35),5454
5452213,RD (f12.0; a370; d0.4),2005
5451963,RD (f13.5; a510; d0.45) (x35),4505
5452071,RD (f13.5; a510; d0.45) (x35),5488
5452176,RD (f12.0; a370; d0.4),2498
5452317,RD (f13.5; a510; d0.45) (x35),4937
5452478,RD (f12.0; a370; d0.4),2499
5452482,RD (f13.5; a510; d0.45) (x35),4369
5452744,RD (f12.0; a370; d0.4),2499
5452824,RD (f12.0; a370; d0.4),3133
5452920,RD (f15.0; a555; d0.45) (x35),5353
5452984,RD (f13.5; a510; d0.45) (x38),3780
5453162,RD (f13.5; a510; d0.45) (x38),4199
5453345,RD (d0.4) (x1209),9146
5453783,RD (d0.4) (x1209),6283
5454216,RD (d0.4) (x1210),4544
5454229,RD (d0.4) (x1209),6229
5454236,RD (d0.4) (x1210),3894
5454302,RD (f13.5; a510; d0.45) (x35),4998
5454342,RD (f13.5; a510; d0.45) (x35),5858
5455261,RD (d0.4) (x1210),6489
5454452,RD (f13.5; a510; d0.45) (x35),5608
5454471,RD (f12.0; a370; d0.4),2499
5454629,RD (f13.5; a510; d0.45) (x35),5560
5454691,RD (f12.0; a370; d0.4),2500
5454693,RD (d0.4) (x1210),4541
5454946,RD (d0.4) (x1209),12030
5456007,RD (d0.4) (x1209),20715
5455195,RD (f12.0; a370; d0.4),2520
5455230,RD (f12.0; a370; d0.4),2549
5455236,RD (d0.4) (x1210),3751
5455359,RD (d0.4) (x1210),4848
5455481,RD (f12.0; a370; d0.4),3486
5455514,RD (f13.5; a510; d0.45) (x38),4679
5468547,RD (f13.5; a510; d0.45) (x38),15428
5455602,RD (f13.5; a510; d0.45) (x35),4922
5456148,RD (f13.5; a510; d0.45) (x38),5219
5456228,RD (f12.0; a370; d0.4),2511
5456360,RD (f13.5; a510; d0.45) (x35),6253
5456424,RD (f12.0; a370; d0.4),2756
5456426,RD (d0.4) (x1210),4594
5456530,RD (d0.4) (x1210),3737
5456779,RD (f13.5; a510; d0.45) (x38),3860
5456794,RD (f12.0; a370; d0.4),2899
5456812,RD (f13.5; a510; d0.45) (x38),5520
5456994,RD (f12.0; a370; d0.4),2900
5457067,RD (f13.5; a510; d0.45) (x35),6030
5457110,RD (d0.4) (x1209),8399
5457117,RD (d0.4) (x1210),5146
5457346,RD (f13.5; a510; d0.45) (x35),5548
5457432,RD (f13.5; a510; d0.45) (x35),8010
5457612,RD (f12.0; a370; d0.4),3511
5457637,RD (f13.5; a510; d0.45) (x38),4799
5457790,RD (d0.4) (x1209),13033
5457807,RD (f13.5; a510; d0.45) (x35),4925
5457837,RD (f15.0; a555; d0.45) (x35),6254
5458018,RD (d0.4) (x1210),6890
5458191,RD (f13.5; a510; d0.45) (x35),4828
5458328,RD (f15.0; a555; d0.45) (x35),7464
5458571,RD (f15.0; a555; d0.45) (x35),5916
5458634,RD (f13.5; a510; d0.45) (x38),3784
5459506,RD (f13.5; a510; d0.45) (x35),5498
5459537,RD (f13.5; a510; d0.45) (x35),4998
5459590,RD (f12.0; a370; d0.4),2846
5459688,RD (f15.0; a555; d0.45) (x35),30803
5459727,RD (f13.5; a510; d0.45) (x35),13334
5459836,RD (f12.0; a370; d0.4),2250
5460153,RD (f12.0; a370; d0.4),3163
5460323,RD (f13.5; a510; d0.45) (x35),6248
5460345,RD (f12.0; a370; d0.4),4742
5463177,RD (f12.0; a370; d0.4),2845
5460407,RD (f12.0; a370; d0.4),4032
5460937,RD (f12.0; a370; d0.4),3699
5460994,RD (f12.0; a370; d0.4),5689
5462099,RD (f13.5; a510; d0.45) (x35),4998
5461243,R (d1.0) (x7),95
5461270,RD (f13.5; a510; d0.45) (x35),47650
5462333,RD (f13.5; a510; d0.45) (x35),6031
5461347,RD (f12.0; a370; d0.4),15432
5461395,RD (f12.0; a370; d0.4),5624
5461572,RD (f12.0; a370; d0.4),2374
5462009,RD (f12.0; a370; d0.4),2655
5462027,RD (f13.5; a510; d0.45) (x35),5598
5462208,RD (f12.0; a370; d0.4),2372
5462352,R (d1.0) (x7),2710
5463135,RD (f22.5; a1670; d0.45) (x35),10500
5463139,RD (f13.5; a510; d0.45) (x38),4802
5463153,RD (f12.0; a370; d0.4),3986
5462526,RD (f13.5; a510; d0.45) (x38),5403
5462554,RD (f13.5; a510; d0.45) (x35),6998
5462851,RD (f13.5; a510; d0.45) (x38),5403
5463018,RD (f13.5; a510; d0.45) (x35),5948
5463313,RD (f13.5; a510; d0.45) (x35),6248
5463429,RD (f22.5; a1670; d0.45) (x35),6420
5463443,RD (f12.0; a370; d0.4),4668
5463486,RD (f13.5; a510; d0.45) (x38),4560
5463526,RD (f13.5; a510; d0.45) (x35),5933
5463616,RD (f13.5; a510; d0.45) (x38),5399
5463746,RD (f13.5; a510; d0.45) (x38),5399
5463787,RD (f12.0; a370; d0.4),2846
5463837,RD (f13.5; a510; d0.45) (x38),4200
5463911,RD (f22.5; a1670; d0.45) (x35),16390
5463926,RD (f12.0; a370; d0.4),11241
5464258,RD (f22.5; a1670; d0.45) (x35),19867
5464884,RD (f12.0; a370; d0.4),5840
5464984,RD (f13.5; a510; d0.45) (x35),6494
5464994,RD (f12.0; a370; d0.4),1949
5465209,RD (f15.0; a555; d0.45) (x35),6500
5465211,RD (f12.0; a370; d0.4),5068
5465213,RD (f12.0; a370; d0.4),225
5465250,RD (f13.5; a510; d0.45) (x38),6232
5465317,RD (f12.0; a370; d0.4),2704
5465971,RD (f13.5; a510; d0.45) (x38),4461
5466299,RD (f15.0; a555; d0.45) (x35),5315
5466323,RD (f12.0; a370; d0.4),3876
5466375,RM (f24.0; au116.0),10111
5466376,RM (f24.0; au116.0),14022
5466494,RD (f12.0; a370; d0.4),3727
5466573,RD (f12.0; a370; d0.4),2881
5466662,RD (f12.0; a370; d0.4),4723
5466788,RD (f13.5; a510; d0.45) (x38),4665
5467298,RD (f13.5; a510; d0.45) (x35),3749
5467326,RD (f12.0; a370; d0.4),3123
5467421,RD (f13.5; a510; d0.45) (x35),4997
5467500,RD (f13.5; a510; d0.45) (x35),4378
5467888,R (d1.0) (x7),1402
5468073,RD (f13.5; a510; d0.45) (x35),5748
5468188,RD (f13.5; a510; d0.45) (x35),3749
5468245,RD (f13.5; a510; d0.45) (x35),1164
5468346,RD (f12.0; a370; d0.4),4348
5468357,RD (f13.5; a510; d0.45) (x38),3929
5468469,RD (f13.5; a510; d0.45) (x35),4198
5468525,RD (f13.5; a510; d0.45) (x38),5761
5468602,RD (d0.45) (x36),3150
5468647,RD (f13.5; a510; d0.45) (x35),3747
5468673,RD (f13.5; a510; d0.45) (x35),5498
5468777,RD (f13.5; a510; d0.45) (x38),4945
5468788,RD (f13.5; a510; d0.45) (x38),5261
5469002,OC (x7),2918883
5469206,RD (d0.45) (x36),841
5469229,RD (f13.5; a510; d0.45) (x38),4839
5469402,RD (f13.5; a510; d0.45) (x38),4839
5469940,RD (f13.5; a510; d0.45) (x35),3748
5469944,RD (f13.5; a510; d0.45) (x35),3748
5469957,RD (f12.0; a370; d0.4),9769
5470095,RD (f12.0; a370; d0.4),3672
5470332,RD (f13.5; a510; d0.45) (x35),3748
5470398,RD (f13.5; a510; d0.45) (x35),3748
5470631,RD (f13.5; a510; d0.45) (x35),4122
5471343,RD (f13.5; a510; d0.45) (x38),5288
5471013,RD (f13.5; a510; d0.45),6536
5471504,RD (f12.0; a370; d0.4),3833
5473479,RD (f13.5; a510; d0.45) (x42),57953
5473483,RD (f13.5; a510; d0.45) (x38),5333
5473688,RD (f13.5; a510; d0.45) (x42),4800
5473947,RD (f13.5; a510; d0.45) (x42),4003
5474459,RD (f13.5; a510; d0.45) (x42),2474
5474597,RD (f13.5; a510; d0.45) (x42),3599
5476124,RD (f15.0; d0.35) (x1319),9988
5483858,RD (f13.5; a510; d0.45),5998
5485791,RD (f15.0; d0.35) (x961),9552
5490617,RT (x45),953
5474914,RD (f13.5; a510; d0.45) (x42),3839
5475667,RD (f15.0; d0.35) (x1319),12077
5476182,RD (f13.5; a510; d0.45) (x42),4000
5476382,RD (f15.0; d0.35) (x961),103065
5476847,RD (f9.0; d0.35) (x961),9421
5476996,RD (f13.5; a510; d0.45) (x42),3478
5477345,RD (f15.0; d0.35) (x1319),8560
5478497,RD (f13.5; a510; d0.45) (x42),7362
5477461,RD (f13.5; a510; d0.45) (x42),5349
5477939,RD (f15.0; d0.35) (x1319),9579
5478026,RD (f12.0; d0.35) (x961),7046
5478215,RD (f13.5; a510; d0.45) (x18),3001
5478811,RD (f13.5; a510; d0.45) (x42),6247
5479130,RD (f13.5; a510; d0.45) (x42),6265
5479219,RD (f13.5; a510; d0.45) (x42),3332
5479403,RD (f13.5; a510; d0.45) (x42),3863
5479582,RD (f13.5; a510; d0.45) (x18),3251
5479637,RD (f9.0; d0.6) (x1338),12385
5479641,RD (f13.5; a510; d0.45) (x18),72467
5479803,RD (f13.5; a510; d0.45) (x42),4000
5479855,RD (f13.5; a510; d0.45) (x42),3216
5479913,RD (f15.0; d0.35) (x961),7299
5480708,RD (f13.5; a510; d0.45) (x42),3999
5480913,RD (f13.5; a510; d0.45),4797
5480954,RD (f13.5; a510; d0.45) (x18),3999
5481052,RD (f13.5; a510; d0.45) (x18),5191
5481138,RD (f13.5; a510; d0.45) (x18),3890
5481199,RD (f13.5; a510; d0.45) (x42),3713
5481520,RD (f13.5; a510; d0.45) (x18),3023
5481550,RD (f13.5; a510; d0.45) (x18),4448
5481593,RD (f13.5; a510; d0.45) (x18),3779
5481656,RD (f13.5; a510; d0.45) (x42),4011
5481742,R (f9.0; d0.6),2431
5481757,RD (f13.5; a510; d0.45) (x42),3988
5481838,RD (f13.5; a510; d0.45),4885
5481898,RD (f13.5; a510; d0.45) (x42),3999
5481907,RD (f15.0; a555; d0.45) (x42),8204
5481944,RD (f13.5; a510; d0.45) (x42),3988
5482346,RD (f13.5; a510; d0.45) (x42),3998
5482350,RD (f15.0; d0.35) (x961),9511
5481980,RD (f13.5; a510; d0.45) (x42),4181
5482125,RD (f13.5; a510; d0.45) (x18),7438
5482317,RD (f15.0; d0.35) (x961),8055
5482333,RD (f13.5; a510; d0.45) (x42),3988
5482751,RD (f13.5; a510; d0.45) (x18),4199
5482896,RD (f13.5; a510; d0.45) (x18),3998
5482979,RD (f13.5; a510; d0.45),4918
5483131,RD (f13.5; a510; d0.45) (x18),4399
5483142,RD (f13.5; a510; d0.45),2999
5483143,RD (f13.5; a510; d0.45),5997
5483153,RD (f13.5; a510; d0.45) (x18),4354
5483459,RD (f13.5; a510; d0.45),3794
5483962,RD (f13.5; a510; d0.45),6061
5483704,RD (f15.0; a555; d0.45) (x42),8585
5483857,RD (f13.5; a510; d0.45) (x42),4668
5483995,RD (f21.0; d0.35) (x961),27676
5484323,RD (f15.0; d0.35) (x1319),18665
5484336,RD (f15.0; a555; d0.45) (x42),8093
5484340,RD (f13.5; a510; d0.45) (x42),5581
5484416,RD (f13.5; a510; d0.45) (x42),6138
5484886,RD (f9.0; d0.35) (x961),5637
5484478,RD (f13.5; a510; d0.45) (x42),5627
5484493,RD (f13.5; a510; d0.45),4393
5484510,RD (f13.5; a510; d0.45) (x42),5182
5484615,RD (f13.5; a510; d0.45) (x42),4083
5484637,RD (f13.5; a510; d0.45),4903
5484662,RD (f13.5; a510; d0.45) (x18),4399
5484702,RD (f13.5; a510; d0.45),4825
5484727,RD (f13.5; a510; d0.45),4428
5484761,RD (f13.5; a510; d0.45) (x42),4438
5484959,RD (f13.5; a510; d0.45) (x42),4351
5484961,RD (f13.5; a510; d0.45),5343
5484975,RD (f13.5; a510; d0.45) (x18),5128
5485042,RD (f13.5; a510; d0.45),4084
5485119,RD (f13.5; a510; d0.45),31969
5485127,RD (f13.5; a510; d0.45),4823
5485147,RD (f13.5; a510; d0.45) (x42),4466
5485307,RD (f13.5; a510; d0.45) (x18),6168
5485534,RD (f13.5; a510; d0.45),4918
5485650,RD (f13.5; a510; d0.45),31927
5485665,RD (f13.5; a510; d0.45) (x42),3431
5485693,RD (f13.5; a510; d0.45) (x42),4889
5485755,RD (f13.5; a510; d0.45),3999
5485834,RD (f21.0; d0.35) (x961),28196
5485835,RD (f13.5; a510; d0.45) (x42),4842
5486009,RD (f13.5; a510; d0.45) (x42),6288
5486045,RD (f13.5; a510; d0.45) (x18),4556
5486117,RD (f13.5; a510; d0.45) (x42),42118
5486131,RD (f13.5; a510; d0.45),2749
5486236,RD (f13.5; a510; d0.45) (x18),4556
5486371,RD (f13.5; a510; d0.45),4559
5486379,RD (f13.5; a510; d0.45) (x42),6586
5486422,RD (f13.5; a510; d0.45),5338
5487188,RD (f15.0; a555; d0.45) (x42),6439
5486599,RD (f13.5; a510; d0.45) (x42),5267
5486685,RD (f21.0; d0.35) (x961),11229
5486775,RD (f13.5; a510; d0.45),4559
5486785,RD (f9.0; d0.35) (x961),3187
5486788,RD (f13.5; a510; d0.45) (x18),570
5487393,RD (f13.5; a510; d0.45) (x18),7150
5486865,RD (f13.5; a510; d0.45) (x42),6969
5486866,RD (f15.0; a555; d0.45) (x42),7710
5486897,RD (f13.5; a510; d0.45) (x18),10314
5486923,RD (f13.5; a510; d0.45),97197
5486978,RD (f13.5; a510; d0.45) (x18),8287
5486991,RD (f13.5; a510; d0.45) (x42),17294
5487137,RD (f13.5; a510; d0.45) (x42),3844
5487158,RD (f13.5; a510; d0.45),42063
5487219,RD (f13.5; a510; d0.45),3998
5487225,RD (f13.5; a510; d0.45) (x42),5204
5487256,RD (f13.5; a510; d0.45) (x42),3429
5487284,RD (f13.5; a510; d0.45) (x42),5214
5487291,RD (f13.5; a510; d0.45),5569
5487361,RD (f13.5; a510; d0.45),3598
5487528,RD (f13.5; a510; d0.45),3957
5488143,RD (f13.5; a510; d0.45),4433
5487588,RD (f13.5; a510; d0.45) (x42),4617
5487626,RD (f13.5; a510; d0.45) (x42),8448
5487633,RD (f9.0; d0.35) (x961),4736
5487783,RD (f13.5; a510; d0.45),6232
5487794,RD (f13.5; a510; d0.45) (x42),8096
5488016,RD (f13.5; a510; d0.45),4376
5488603,RD (f13.5; a510; d0.45) (x42),3763
5488107,RD (f13.5; a510; d0.45) (x18),7463
5488243,RD (f13.5; a510; d0.45),4371
5488732,RD (f15.0; d0.35) (x961),15005
5488288,RD (f13.5; a510; d0.45) (x42),3762
5488290,RD (f13.5; a510; d0.45),5998
5488315,RD (f15.0; a555; d0.45) (x42),8592
5488336,RD (f13.5; a510; d0.45) (x18),6742
5488375,RD (f13.5; a510; d0.45),6048
5488414,RD (f13.5; a510; d0.45),6138
5488543,RD (f13.5; a510; d0.45),4516
5488563,RD (f13.5; a510; d0.45),5116
5488620,RD (f13.5; a510; d0.45),15797
5488695,RD (f13.5; a510; d0.45) (x42),5713
5488800,RD (f15.0; a555; d0.45) (x42),6324
5488813,RD (f15.0; d0.35) (x961),4485
5488832,RD (f13.5; a510; d0.45) (x42),3762
5489221,RD (f15.0; a555; d0.45),10872
5489251,RD (f13.5; a510; d0.45),6094
5489306,RD (f13.5; a510; d0.45),3357
5489401,RD (f13.5; a510; d0.45) (x42),4040
5489406,RD (f13.5; a510; d0.45) (x42),4557
5489474,RD (f15.0; a555; d0.45),23921
5489531,RD (f13.5; a510; d0.45),9394
5489670,RD (f15.0; a555; d0.45),7619
5489680,RD (f13.5; a510; d0.45) (x42),6069
5489688,RT (x45),833
5490128,RD (f13.5; a510; d0.45) (x42),4457
5489823,RD (f13.5; a510; d0.45),5602
5490046,RD (f15.0; a555; d0.45),25115
5489892,RD (f15.0; a555; d0.45),6998
5489895,RA (f24.0; au93.0) (x153),21288
5489932,RD (f15.0; d0.35) (x961),11368
5489973,RD (f13.5; a510; d0.45),8498
5490004,RD (f13.5; a510; d0.45),6248
5490096,RD (f9.0; d0.35) (x961),4351
5490179,RD (f13.5; a510; d0.45),6139
5490216,RD (f9.0; d0.35) (x961),4585
5490218,RD (f13.5; a510; d0.45),6248
5490237,RT (x45),896
5490259,RD (f15.0; a555; d0.45),6998
5490278,RD (f15.0; a555; d0.45) (x42),7434
5490279,RD (f13.5; a510; d0.45),5632
5490281,RD (f13.5; a510; d0.45) (x42),4205
5490323,RD (f15.0; a555; d0.45) (x42),7948
5490384,RD (f13.5; a510; d0.45),5116
5490435,RD (f13.5; a510; d0.45) (x42),8039
5490449,RD (f13.5; a510; d0.45),5061
5490534,RD (f13.5; a510; d0.45) (x42),4447
5490560,RD (f13.5; a510; d0.45) (x42),8420
5498548,RD (f13.5; a510; d0.45),5913
5490724,RD (f13.5; a510; d0.45),5701
5490819,RD (f13.5; a510; d0.45) (x42),3724
5490847,RD (f13.5; a510; d0.45),4307
5491241,RD (f13.5; a510; d0.45),6027
5490894,RD (f13.5; a510; d0.45),7886
5490944,RD (f9.0; d0.35) (x961),4737
5490963,RD (f13.5; a510; d0.45) (x42),5533
5490967,RD (f9.0; d0.35) (x961),2123
5491001,RD (f15.0; a555; d0.45),10008
5491010,RD (f13.5; a510; d0.45) (x42),5604
5491386,RD (f13.5; a510; d0.45) (x42),5094
5491107,RD (f13.5; a510; d0.45),8077
5491147,RD (f13.5; a510; d0.45) (x42),3728
5491290,RD (f13.5; a510; d0.45) (x42),3722
5491400,RD (f15.0; a555; d0.45) (x42),7990
5491420,RT (x45),1042
5491450,RT (x45),836
5491482,RD (f13.5; a510; d0.45) (x42),16531
5491490,RD (f13.5; a510; d0.45) (x42),4398
5491634,RD (f13.5; a510; d0.45) (x42),3709
5491699,RD (f13.5; a510; d0.45) (x42),5223
5491844,RT (x45),842
5491911,RD (f13.5; a510; d0.45) (x42),7795
5492079,RT (x45),871
5492191,E 1.0,14029
5492324,RD (f13.5; a510; d0.45) (x42),18385
5492346,RD (f13.5; a510; d0.45) (x42),4606
5492402,E 1.0,13084
5492518,RD (f13.5; a510; d0.45) (x42),5305
5492612,RT (x47),691
5492678,RD (f13.5; a510; d0.45),5495
5492689,RD (f13.5; a510; d0.45) (x42),7227
5492753,RD (f13.5; a510; d0.45) (x42),5300
5492773,RD (f13.5; a510; d0.45),9362
5492786,RD (f13.5; a510; d0.45) (x42),4016
5492845,RD (f13.5; a510; d0.45),5491
5492888,RT (x47),855
5492980,RD (f13.5; a510; d0.45) (x42),7186
5492993,RD (f13.5; a510; d0.45),21320
5493026,RD (f13.5; a510; d0.45),6161
5493111,RA (f24.0; au93.0) (x153),81517
5493226,RT (x47),856
5493247,RT (x47),854
5493259,RD (f13.5; a510; d0.45),6623
5493288,E 1.0,25518
5493537,RD (f13.5; a510; d0.45) (x42),4181
5493540,RD (f13.5; a510; d0.45),6247
5493562,RD (f13.5; a510; d0.45) (x42),4105
5493624,RD (f13.5; a510; d0.45) (x42),3843
5493682,E 1.0,9341
5493683,RA (f24.0; au93.0) (x153),21249
5493987,E 1.0,14993
5494015,RD (f13.5; a510; d0.45) (x42),5005
5494016,RD (f13.5; a510; d0.45) (x42),4299
5494041,E 1.0,7494
5494115,RD (f13.5; a510; d0.45) (x42),6043
5494166,RD (f13.5; a510; d0.45) (x42),3619
5494249,RD (f13.5; a510; d0.45) (x42),7574
5494307,RD (f13.5; a510; d0.45),7777
5494562,RD (f13.5; a510; d0.45) (x42),4948
5494632,RD (f13.5; a510; d0.45) (x42),6095
5494635,RD (f13.5; a510; d0.45),4731
5494672,RM (u4),8165
5494738,RD (f13.5; a510; d0.45) (x42),6501
5494748,RD (f13.5; a510; d0.45) (x42),4157
5494792,RT (x46),1220
5494952,RT (x46),860
5495088,RD (f13.5; a510; d0.45) (x42),5861
5495134,RD (f13.5; a510; d0.45),5749
5495143,E 1.0,9507
5495210,RT (x46),824
5495477,E 1.0,7498
5495316,RD (f13.5; a510; d0.45),5617
5495337,RD (f13.5; a510; d0.45),5750
5495379,RD (f13.5; a510; d0.45),5750
5495416,RD (f13.5; a510; d0.45),8102
5495435,RD (f13.5; a510; d0.45) (x42),5138
5495441,RT (x46),1340
5495688,RA (f24.0; au139.0) (x153),7470
5495700,RD (f13.5; a510; d0.45) (x42),4320
5495717,RD (f13.5; a510; d0.45),6182
5495781,RD (f13.5; a510; d0.45) (x42),5410
5495804,RD (f13.5; a510; d0.45),5637
5495805,RD (f13.5; a510; d0.45),9200
5495808,RA (f24.0; au139.0) (x153),4058
5495822,RD (f13.5; a510; d0.45) (x42),5498
5496000,E 1.0,15420
5496141,E 1.0,9480
5496192,E 1.0,12578
5496247,RD (f13.5; a510; d0.45) (x42),5028
5496328,RD (f13.5; a510; d0.45),8385
5496358,RD (f13.5; a510; d0.45) (x42),14578
5496359,RD (f13.5; a510; d0.45) (x42),4883
5496373,RD (f13.5; a510; d0.45),49332
5496399,E 1.0,28161
5496501,RD (f13.5; a510; d0.45) (x42),9276
5496671,RD (f13.5; a510; d0.45) (x42),14586
5496691,RD (f13.5; a510; d0.45),5184
5496739,E 1.0,9440
5496933,RD (f13.5; a510; d0.45),5001
5496813,RD (f13.5; a510; d0.45),5001
5496835,RD (f13.5; a510; d0.45),5272
5496842,RD (f13.5; a510; d0.45),5611
5496848,E 1.0,9394
5496899,RD (f13.5; a510; d0.45),24662
5496947,RD (f13.5; a510; d0.45),5304
5497128,RD (f13.5; a510; d0.45),5566
5497006,RD (f13.5; a510; d0.45),5463
5497073,RD (f13.5; a510; d0.45),6395
5497121,RD (f13.5; a510; d0.45),5285
5497134,RD (f13.5; a510; d0.45),5547
5497240,RD (f13.5; a510; d0.45),4998
5497252,RT (x42),1036
5497259,RD (f13.5; a510; d0.45),5362
5497280,RT (x42),1050
5497282,RD (f13.5; a510; d0.45),6590
5497283,RD (f13.5; a510; d0.45),5547
5497341,RD (f13.5; a510; d0.45) (x42),5004
5497404,RD (f13.5; a510; d0.45),5748
5497723,RD (f12.0; a510; d0.45),5595
5497726,RD (f13.5; a510; d0.45),5690
5497506,RD (f13.5; a510; d0.45),5059
5497585,RD (f13.5; a510; d0.45),4713
5497660,RD (f13.5; a510; d0.45),5010
5497687,RD (f13.5; a510; d0.45),5005
5498169,RD (f13.5; a510; d0.45),5781
5498172,RD (f13.5; a510; d0.45),9512
5497711,RD (f13.5; a510; d0.45),5174
5497754,RD (f13.5; a510; d0.45),5120
5497979,E 1.0,26519
5497781,RD (f13.5; a510; d0.45),5362
5497809,RD (f13.5; a510; d0.45),5998
5497833,RD (f13.5; a510; d0.45),5374
5497901,E 1.0,11996
5497909,RD (f13.5; a510; d0.45),5020
5498014,RD (f13.5; a510; d0.45),5059
5498015,RD (f13.5; a510; d0.45),5174
5498248,RD (f13.5; a510; d0.45),5363
5498309,RD (f13.5; a510; d0.45),5061
5498456,RD (f13.5; a510; d0.45),5286
5498499,RD (f13.5; a510; d0.45),4999
5498507,RD (f13.5; a510; d0.45),5998
5498512,RD (f13.5; a510; d0.45),4909
5498521,RD (f13.5; a510; d0.45),5929
5500040,RD (f13.5; a510; d0.45),3545
5503360,RD (f13.5; a510; d0.45),5548
5498560,RD (f13.5; a510; d0.45),5005
5498605,UT,26344
5498643,RD (f13.5; a510; d0.45),5269
5498652,RD (f13.5; a510; d0.45),5017
5498712,RD (f13.5; a510; d0.45),5016
5498727,RD (f13.5; a510; d0.45),4987
5498732,RD (f13.5; a510; d0.45),5286
5498763,UT,13953
5498789,RD (f13.5; a510; d0.45),12115
5498821,RD (f13.5; a510; d0.45),6672
5498831,RD (f13.5; a510; d0.45),5004
5498843,RD (f13.5; a510; d0.45),5986
5498922,RD (f13.5; a510; d0.45),3420
5499006,RD (f13.5; a510; d0.45),4999
5499105,RD (f13.5; a510; d0.45),4318
5499107,RD (f13.5; a510; d0.45),5950
5499164,RD (f13.5; a510; d0.45),3829
5499176,RD (f13.5; a510; d0.45),3464
5499203,RD (f13.5; a510; d0.45),5065
5499252,RD (f13.5; a510; d0.45),5832
5499255,RD (f13.5; a510; d0.45),3464
5499264,RD (f13.5; a510; d0.45),5174
5500116,RD (f13.5; a510; d0.45),3499
5499311,RD (f13.5; a510; d0.45),4799
5499313,RD (f13.5; a510; d0.45),3829
5499337,RD (f13.5; a510; d0.45),7188
5499345,RD (f13.5; a510; d0.45),6298
5499598,RD (f13.5; a510; d0.45),6532
5499368,RD (f13.5; a510; d0.45),7603
5499374,RD (f13.5; a510; d0.45),3983
5499448,RD (f13.5; a510; d0.45),9166
5499474,RD (f13.5; a510; d0.45),5174
5499488,RD (f13.5; a510; d0.45),10736
5499539,RD (f13.5; a510; d0.45),6248
5499556,RD (f13.5; a510; d0.45),3464
5499569,RD (f13.5; a510; d0.45),5409
5499633,RD (f13.5; a510; d0.45),7543
5499641,RD (f13.5; a510; d0.45),5609
5499792,RD (f13.5; a510; d0.45),5998
5499837,RD (f13.5; a510; d0.45),5499
5499853,RD (f13.5; a510; d0.45),5959
5499860,RD (f13.5; a510; d0.45),8460
5499898,RD (f13.5; a510; d0.45),3829
5499935,RD (f13.5; a510; d0.45),8236
5499949,RD (f13.5; a510; d0.45),3464
5499955,RD (f13.5; a510; d0.45),620
5499998,RD (f13.5; a510; d0.45),5215
5500018,RD (f13.5; a510; d0.45),5353
5500034,RD (f13.5; a510; d0.45),3830
5500038,RD (f13.5; a510; d0.45),5968
5500191,UT,98
5500193,RD (f13.5; a510; d0.45),60208
5500203,RD (f13.5; a510; d0.45),5353
5500210,RD (f13.5; a510; d0.45),3830
5500249,RD (f13.5; a510; d0.45),23538
5500307,UT,3841
5500308,RD (f13.5; a510; d0.45),4926
5500321,RD (f13.5; a510; d0.45),5222
5500393,RD (f13.5; a510; d0.45),6331
5500399,RD (f13.5; a510; d0.45),7100
5500414,RD (f13.5; a510; d0.45),3830
5500511,RD (f13.5; a510; d0.45),3761
5500535,RD (f13.5; a510; d0.45),6154
5500580,RM (u4),5909
5500622,RD (f13.5; a510; d0.45),5909
5500712,RD (f13.5; a510; d0.45),3541
5500741,RD (f13.5; a510; d0.45),6018
5500765,RD (f13.5; a510; d0.45),5215
5500778,RD (f13.5; a510; d0.45),5222
5500839,RD (f13.5; a510; d0.45),5451
5500841,RM (u4),5879
5500936,RD (f13.5; a510; d0.45),5451
5500964,RD (f13.5; a510; d0.45),9496
5500966,RD (f13.5; a510; d0.45),6187
5500989,RD (f13.5; a510; d0.45),5090
5501028,RD (f13.5; a510; d0.45),4884
5501093,RD (f13.5; a510; d0.45),5321
5501130,RD (f13.5; a510; d0.45),5175
5501178,RD (f13.5; a510; d0.45),3561
5501204,RD (f13.5; a510; d0.45),5325
5501216,UT (x45),3795
5501224,RD (f13.5; a510; d0.45),5291
5501329,E 1.0,84673
5501351,RD (f13.5; a510; d0.45),4799
5501398,RD (f13.5; a510; d0.45),4199
5501428,RD (f13.5; a510; d0.45),8138
5501445,RD (f13.5; a510; d0.45),5462
5501451,RD (f13.5; a510; d0.45),3307
5501468,RD (f13.5; a510; d0.45),5339
5501498,RD (f13.5; a510; d0.45),4682
5501547,RD (f13.5; a510; d0.45),6982
5501583,RD (f13.5; a510; d0.45),5460
5501591,RD (f13.5; a510; d0.45),6029
5501637,CR 2.0 (c2.0; r1.5) SS3,2286
5501642,RD (f13.5; a510; d0.45),5454
5501653,RD (f13.5; a510; d0.45),3022
5501693,RD (f13.5; a510; d0.45),5392
5501729,RD (f13.5; a510; d0.45),5155
5501731,RD (f13.5; a510; d0.45),4940
5501732,RD (f13.5; a510; d0.45),5840
5501821,RD (f13.5; a510; d0.45),4723
5501839,RD (f13.5; a510; d0.45),4592
5501849,RD (f13.5; a510; d0.45),5688
5501955,RD (f13.5; a510; d0.45),4799
5501869,RD (f13.5; a510; d0.45),8781
5501915,RD (f13.5; a510; d0.45),3008
5502099,RD (f13.5; a510; d0.45),5669
5502108,RD (f13.5; a510; d0.45),4238
5502113,RD (f13.5; a510; d0.45),5325
5502129,E 1.0,120302
5502131,RD (f13.5; a510; d0.45),5327
5502291,E 1.0,328
5502153,RD (f13.5; a510; d0.45),4464
5502201,RD (f13.5; a510; d0.45),5999
5502227,RD (f13.5; a510; d0.45),5695
5502233,RD (f13.5; a510; d0.45),3850
5502650,RT (x29),1360
5502651,RD (f13.5; a510; d0.45),5050
5502252,RD (f13.5; a510; d0.45),4340
5502281,RD (f13.5; a510; d0.45),5023
5502309,RD (f13.5; a510; d0.45),4326
5502333,RD (f13.5; a510; d0.45),3779
5502369,RD (f13.5; a510; d0.45),4199
5502409,RT (x28),1799
5502413,RT (x28),6279
5502420,RD (f13.5; a510; d0.45),4591
5502451,RD (f13.5; a510; d0.45),4410
5502568,RD (f13.5; a510; d0.45),5277
5502573,RD (f13.5; a510; d0.45),6285
5502483,RD (f13.5; a510; d0.45),5693
5502520,RT (x28),1388
5502530,RT (x28),1388
5502644,RD (f13.5; a510; d0.45),4476
5502555,RD (f13.5; a510; d0.45),5270
5502557,RD (f13.5; a510; d0.45),4982
5502601,RT (x28),1388
5502605,RT (x28),1388
5502621,RT (x28),1388
5502687,RD (f13.5; a510; d0.45),4982
5502688,RD (f13.5; a510; d0.45),20
5502704,RD (f13.5; a510; d0.45),4464
5502722,RT (x29),1101
5502728,RT (x29),1081
5502738,RD (f13.5; a510; d0.45),5589
5502752,RT (x29),1081
5502757,RD (f13.5; a510; d0.45),7533
5502797,RT (x29),1408
5502806,RD (f13.5; a510; d0.45),5467
5502824,RD (f13.5; a510; d0.45),3150
5502878,RT (x29),1349
5502899,RD (f13.5; a510; d0.45),5571
5503043,RD (f13.5; a510; d0.45),5572
5502923,RT (x29),1561
5503059,RD (f13.5; a510; d0.45),3374
5503084,RT (x31),1623
5503090,RD (f13.5; a510; d0.45),5611
5503133,RT (x31),1801
5503135,RD (f13.5; a510; d0.45),5472
5503156,RD (f13.5; a510; d0.45),6171
5503198,RD (f13.5; a510; d0.45),831
5503206,RD (f13.5; a510; d0.45),3589
5503276,O,5373
5503284,RT (x32),636
5503286,RD (f13.5; a510; d0.45),5111
5503302,RD (f13.5; a510; d0.45),5082
5503316,RD (f13.5; a510; d0.45),6656
5503319,RD (f13.5; a510; d0.45),5475
5503423,RD (f13.5; a510; d0.45),5101
5504219,RD (f13.5; a510; d0.45),4962
5506194,RM (u4) (x18),2999
5503368,RD (f13.5; a510; d0.45),8182
5503372,RD (f13.5; a510; d0.45),4395
5503387,UT,6493
5503501,RD (f13.5; a510; d0.45),3328
5503522,RT (x33),1083
5503600,RD (f13.5; a510; d0.45),5460
5503611,RD (f12.0; a465; d0.45),5531
5503617,RD (f13.5; a510; d0.45),4998
5503695,E 1.0,9116
5503714,RD (f13.5; a510; d0.45),5449
5503752,RD (f13.5; a510; d0.45),6664
5503775,RD (f12.0; a465; d0.45),5531
5503785,RD (f13.5; a510; d0.45),5007
5503809,RD (f13.5; a510; d0.45),4629
5503822,RD (f12.0; a465; d0.45),15430
5503833,RD (f13.5; a510; d0.45),28314
5503843,RT (x33),1479
5503860,UT,16343
5503867,RD (f13.5; a510; d0.45),3596
5503868,RM (u4) (x18),6230
5503897,RM (u4) (x18),6229
5503933,RD (f13.5; a510; d0.45),5156
5503948,RD (f13.5; a510; d0.45),4962
5503972,RD (f13.5; a510; d0.45),5002
5504311,RM (u4) (x18),3124
5504017,RD (f13.5; a510; d0.45),4079
5504034,RD (f13.5; a510; d0.45),5217
5504049,RD (f13.5; a510; d0.45),5003
5504060,RM (u4) (x18),3624
5504076,RT (x310),357
5504086,RM (u4) (x18),3343
5504088,RD (f12.0; a465; d0.45),5773
5504130,RT (x310),1573
5504148,RD (f13.5; a510; d0.45),43673
5504162,RD (f13.5; a510; d0.45),5273
5504165,RD (f13.5; a510; d0.45),4359
5504203,RD (f13.5; a510; d0.45),3060
5504266,RT (x27),1231
5504323,RD (f13.5; a510; d0.45),5002
5504333,RD (f13.5; a510; d0.45),5031
5504338,RT (x27),1228
5504378,RM (u4) (x18),3257
5504420,RD (f13.5; a510; d0.45),5030
5504434,RD (f13.5; a510; d0.45),4962
5504446,RT (x27),1667
5504448,RM (u4) (x18),3913
5504454,RT (x27),1629
5504557,RD (f13.5; a510; d0.45),5046
5504576,RD (f13.5; a510; d0.45),5002
5504609,RM (u4) (x18),3351
5504754,RM (u4) (x18),3451
5504702,RM (u4) (x18),3423
5504714,E 1.0,100087
5504769,RD (f13.5; a510; d0.45),4998
5504777,RD (f13.5; a510; d0.45),5624
5504781,RM (u4) (x18),3128
5504808,RM (x16),62
5504819,RM (u4) (x18),3798
5504882,UT,16565
5504889,RD (f13.5; a510; d0.45),4967
5504901,RD (f13.5; a510; d0.45),5613
5505054,RD (f13.5; a510; d0.45),5370
5505055,E 1.0,18060
5505068,RD (f13.5; a510; d0.45),4731
5505071,RT (x21),1392
5505079,RT (x20),12764
5505089,RD (f13.5; a510; d0.45),4731
5505118,RT (x20),888
5505137,RT (x21),1353
5505174,RD (f13.5; a510; d0.45),6107
5505183,RD (f13.5; a510; d0.45),42058
5505210,RT (x20),907
5505262,RD (f13.5; a510; d0.45),6981
5505277,RM (u4) (x18),5262
5505309,RM (u4) (x18),3140
5505335,RM (u4) (x18),5531
5505372,RM (u4) (x18),5655
5505404,RD (f13.5; a510; d0.45),5675
5505721,RT (x15),1189
5505723,RM (u4) (x22),3382
5505420,E 1.0,92277
5505431,RM (u4) (x18),3698
5505450,RM (u4) (x18),4321
5505471,RM (u4) (x18),5461
5505482,RM (u4) (x18),5461
5505576,RM (u4) (x18),3143
5505598,RT (x15),1189
5505643,E 1.0,10904
5505682,RM (u4) (x22),2643
5505695,RT (x15),1786
5505696,RM (u4) (x18),3137
5505760,RT (x15),1641
5505761,RM (u4) (x22),3137
5505798,RM (u4) (x18),4004
5505818,RM (u4) (x22),3100
5505833,RT (x15),1189
5505840,RT (x15),1175
5505845,RM (u4) (x18),4250
5505870,RM (u4) (x18),3436
5505889,RT (x15),1189
5505896,RT (x15),1175
5505945,RT (x23),1531
5506081,RT (x15),1180
5506017,RM (u4) (x22),4691
5506021,RT (x15),1175
5506051,RT (x24),1900
5506064,RM (u4) (x22),6250
5506085,RM (u4) (x18),3024
5506168,RM (u4) (x18),3000
5506181,RM (u4) (x22),6052
5509145,RM (u4; d0.6) (x22),5999
5506209,RT (x23),1380
5506212,RT (x15),1175
5506224,RT (x23),1380
5506237,RT (x15),1175
5506246,RT (x15),1175
5506288,RM (u4) (x18),3210
5506292,RM (u4) (x22),3131
5506300,RT (x24),1725
5506439,RM (u4) (x22),3007
5506318,RT (x23),1832
5506449,RT (x24),2586
5506395,RM (u4) (x22),3737
5506405,RT (x23),1988
5506496,RA (x26),171879
5506502,RT (x24),3159
5506509,RT (x40),948
5506633,RT (x40),869
5506517,RT (x40),846
5506542,RT (x40),872
5506549,RT (x40),882
5506563,RT (x23),1291
5506639,RT (x40),853
5506672,RT (x40),908
